time,latitude,longitude,depth,mag
2021-10-13T17:34:23.775Z,-62.918,-161.3138,10,4.6
2021-11-02T17:00:46.473Z,-62.6243,155.4631,10,5.4
2021-10-13T22:08:55.726Z,-60.5083,-25.4511,10,4.4
2021-11-03T07:28:29.330Z,-60.3961,-24.2685,35,4.9
2021-10-15T07:26:55.417Z,-60.186,-24.5712,10,4.4
2021-11-06T09:56:22.566Z,-60.1682,-24.6229,10,4.7
2021-10-23T19:59:13.960Z,-60.1225,-29.9062,10,4.3
2021-10-22T05:21:08.414Z,-59.8217,-26.312,35,4.5
2021-10-14T08:21:31.574Z,-59.8007,-27.0902,38.9,4.3
2021-10-12T00:29:58.728Z,-59.7882,-26.8479,35,4.9
2021-10-23T01:19:14.827Z,-59.7706,-26.0692,35,4.5
2021-10-12T13:38:32.237Z,-59.7331,-25.9267,10,4.7
2021-10-16T02:35:18.009Z,-59.6597,-26.2423,55.66,4.9
2021-10-26T08:54:20.762Z,-59.5964,-25.8001,17.33,4.9
2021-10-29T22:07:59.446Z,-59.5924,-25.7919,35,4.5
2021-10-17T14:00:00.202Z,-59.4991,-25.9877,15.18,4.3
2021-10-14T08:19:00.741Z,-59.4397,-25.8653,35,4.2
2021-10-26T08:44:22.737Z,-59.3975,-25.0135,45.85,5
2021-10-30T04:11:29.211Z,-59.3732,-25.5457,35,4.8
2021-10-30T12:42:45.330Z,-59.3686,-25.5038,35,4.7
2021-10-29T07:20:16.604Z,-59.3025,-25.5752,42.94,4.6
2021-10-29T06:38:19.954Z,-59.1257,-25.6974,45.72,4.9
2021-10-12T03:22:52.646Z,-58.9836,-25.3829,35,4.5
2021-10-23T16:26:54.270Z,-58.9517,-25.0993,37.81,4.3
2021-10-16T13:24:11.927Z,-58.8994,-24.8422,52.3,5.1
2021-10-13T05:24:46.871Z,-58.82,-25.2524,35,4.8
2021-10-19T10:38:03.931Z,-58.802,-25.481,35,4.4
2021-10-12T05:49:02.778Z,-58.7587,-25.6196,35,4.4
2021-10-13T09:49:09.863Z,-58.6253,-25.1354,35,4.9
2021-11-06T15:13:19.459Z,-58.5233,-23.3964,10,5.3
2021-10-17T02:36:53.992Z,-58.4967,-25.6144,78.09,4.5
2021-10-20T01:02:53.956Z,-58.4507,-23.8711,10,4.8
2021-10-26T05:48:42.579Z,-58.3582,-14.8668,10,5.9
2021-10-14T12:47:56.602Z,-58.1471,-23.5821,24.36,4.7
2021-11-01T04:21:27.578Z,-58.1163,-24.4097,10,4.5
2021-10-17T17:20:54.380Z,-58.1083,-23.6329,10,4.6
2021-11-01T00:02:48.956Z,-58.0382,-25.2196,22,6
2021-11-01T02:50:58.695Z,-58.0153,-25.2169,35,5
2021-11-01T04:40:36.021Z,-57.9919,-24.4554,10,5
2021-10-19T01:42:28.910Z,-57.9499,-25.5233,35,4.7
2021-10-11T01:21:55.978Z,-57.9456,-25.2971,35,4.7
2021-11-07T18:50:24.591Z,-57.8709,-25.4456,64.17,5.1
2021-10-20T19:37:07.918Z,-57.7997,-25.368,35,4.9
2021-10-23T08:00:42.195Z,-57.4857,-25.7171,54.2,5
2021-10-22T21:57:46.219Z,-57.3456,-25.6851,35,4.8
2021-10-11T14:20:41.581Z,-57.2722,-24.8572,10,4.6
2021-10-24T14:56:43.755Z,-57.2716,-25.1584,35,4.8
2021-10-10T14:28:26.732Z,-57.1909,-24.7614,10,4.7
2021-10-12T02:36:02.466Z,-57.0543,-25.1454,35,4.6
2021-10-30T01:13:46.935Z,-57.0364,-27.1306,131.83,4.7
2021-10-10T05:25:38.450Z,-56.6958,-27.4198,143.01,4.9
2021-11-02T04:49:17.794Z,-56.3078,-26.1011,10,5.1
2021-10-23T00:34:17.002Z,-56.2517,-27.9011,112.3,5.2
2021-10-10T14:28:12.170Z,-56.1551,-126.8544,10,4.7
2021-11-03T05:36:45.315Z,-55.0699,-32.2326,10,4.7
2021-10-17T05:08:04.057Z,-53.7815,141.4926,10,4
2021-10-24T20:13:53.472Z,-53.264,23.2565,10,4.3
2021-10-16T17:33:17.177Z,-52.3807,13.4991,10,4.9
2021-10-30T09:03:22.554Z,-51.441,139.1069,10,5.9
2021-10-17T16:14:20.638Z,-50.5227,-73.7844,15.88,4.3
2021-10-13T07:55:29.280Z,-50.31,-72.2368,10,5.4
2021-10-23T23:55:45.118Z,-50.2851,-6.7396,10,4.6
2021-11-09T07:03:44.999Z,-49.5879,125.8531,10,4.6
2021-10-22T02:09:47.947Z,-49.0821,-8.7474,10,4.9
2021-10-18T21:28:26.682Z,-48.9786,-8.5069,10,4.9
2021-10-16T22:15:13.417Z,-48.3166,165.0563,12.1,4.7
2021-11-04T16:36:53.368Z,-48.2606,165.2157,10,5.5
2021-10-19T21:11:20.886Z,-46.8218,165.609,18.26,4.7
2021-10-18T18:32:15.736Z,-45.6834,-77.0966,10,4.7
2021-10-18T22:23:37.106Z,-45.6797,-77.0529,10,5.1
2021-10-20T01:21:28.319Z,-45.652,-77.6608,10,4.2
2021-10-26T13:11:28.267Z,-45.2564,166.5169,10,4.3
2021-10-24T17:29:29.335Z,-44.869,-76.0732,15.24,4
2021-10-16T07:04:24.846Z,-42.2774,-72.2325,146,4.5
2021-10-30T05:49:13.769Z,-41.4598,-83.3521,10,5
2021-11-07T03:16:44.975Z,-40.3332,173.4111,213.06,5.2
2021-10-12T01:55:01.092Z,-40.2063,173.4833,163.67,4.8
2021-10-31T09:49:50.977Z,-39.1364,174.6632,215.74,4.3
2021-10-21T21:58:20.753Z,-39.0151,174.9596,226.02,5.6
2021-11-05T08:04:58.668Z,-38.3993,144.9174,10,2.9
2021-10-13T06:58:42.377Z,-37.9234,176.9351,174.6,4.3
2021-10-20T23:27:35.156Z,-37.8243,-179.8554,10,4.1
2021-10-24T00:03:48.975Z,-37.7231,179.6288,10,4.1
2021-10-27T15:06:20.645Z,-37.5922,179.6383,10,4.4
2021-10-23T14:17:52.692Z,-37.5163,50.8989,10,4.9
2021-10-23T16:28:40.867Z,-37.4338,179.664,10,4.4
2021-10-16T06:10:02.785Z,-37.417,52.3543,10,4.5
2021-10-23T01:45:26.810Z,-36.9426,-72.8481,42.85,4.7
2021-10-16T18:34:37.878Z,-36.9059,-74.0571,10,4.4
2021-10-14T03:47:04.937Z,-36.302,52.4183,10,5.3
2021-11-08T10:06:01.974Z,-35.5042,-71.4017,101.82,4.2
2021-10-13T20:42:58.147Z,-35.4329,-179.3916,10,4.7
2021-10-25T20:29:51.713Z,-35.3371,-15.2042,10,4.8
2021-10-11T02:46:52.554Z,-35.3186,-179.363,10,4.1
2021-10-30T23:02:40.981Z,-35.1792,-72.9854,9.84,4.1
2021-11-04T13:12:14.142Z,-34.8654,178.9862,246.77,4.4
2021-10-18T19:47:15.157Z,-34.3652,-14.815,10,4.7
2021-11-06T21:08:34.806Z,-34.0585,-179.6003,35,4.3
2021-11-08T06:16:27.185Z,-33.9731,-73.4161,10,4.6
2021-10-10T23:27:58.603Z,-33.6106,-177.9568,10,4.7
2021-10-13T04:05:20.091Z,-33.5689,-178.7168,10,4.3
2021-11-02T14:11:23.119Z,-33.5295,-179.2507,35,4.5
2021-10-23T02:13:56.569Z,-33.2697,-71.7802,34.56,4.6
2021-10-27T06:10:48.356Z,-33.1894,-179.2345,53.64,4.9
2021-10-26T03:35:42.518Z,-32.8027,-70.6713,89.89,4.7
2021-11-03T03:17:48.410Z,-32.6979,-70.0534,98.49,5.7
2021-10-25T14:39:39.204Z,-32.6743,-71.9471,27.12,4.3
2021-10-30T15:01:07.956Z,-32.2856,-178.2488,10,4.4
2021-10-16T18:45:01.303Z,-31.701,-72.0532,10,4.4
2021-10-15T05:41:39.886Z,-31.6866,-72.1108,10,4.3
2021-10-16T20:14:46.472Z,-31.6739,-72.0526,15.99,3.9
2021-10-16T03:37:24.314Z,-31.6615,-71.9962,21.14,4.1
2021-10-19T00:03:31.986Z,-31.6564,-72.0819,8.45,4.5
2021-10-24T05:10:06.718Z,-31.4252,-69.1665,148.38,4
2021-11-01T13:43:45.622Z,-31.3303,-71.9368,10,4
2021-10-15T00:59:45.991Z,-31.3149,-178.811,42.62,4.2
2021-10-16T16:05:28.992Z,-31.0797,-177.5661,10,4.9
2021-10-26T14:59:17.096Z,-30.8461,-179.0942,208.7,4.3
2021-10-11T19:24:54.298Z,-30.7078,-177.1991,10,4.5
2021-10-12T16:53:41.801Z,-30.5861,-178.2177,34.53,4.6
2021-10-30T19:00:58.623Z,-30.3902,-177.7631,35,4.6
2021-10-16T15:29:24.445Z,-30.364,-177.2655,10,4.4
2021-11-04T04:18:23.207Z,-30.3338,-71.308,51.56,4.8
2021-11-02T14:21:52.136Z,-30.2003,-177.0821,10,4.5
2021-10-17T02:30:57.016Z,-29.9485,-177.3935,10,5.1
2021-11-07T15:23:08.708Z,-29.7007,179.7812,454.1,4.1
2021-10-25T03:38:47.784Z,-29.6427,-177.199,35,4.9
2021-10-25T03:40:11.720Z,-29.4755,-177.1344,35,4.6
2021-10-29T19:42:31.213Z,-29.4146,-176.0962,10,5.5
2021-10-12T18:01:52.655Z,-29.3942,-71.9358,10,4
2021-10-31T00:48:34.240Z,-29.2754,-176.8077,10,4.9
2021-11-08T04:52:46.667Z,-29.1904,-71.0876,80.41,4.8
2021-10-15T00:07:59.247Z,-29.0151,-176.4824,10,4.4
2021-10-31T15:37:00.373Z,-28.9164,-177.5901,42.38,4.4
2021-10-21T18:17:27.473Z,-28.7942,-177.0959,35,4.5
2021-11-05T14:11:28.306Z,-28.6496,-71.4519,33.95,4.9
2021-10-26T18:46:14.049Z,-28.6152,-177.4109,56.88,4.9
2021-10-18T09:12:47.661Z,-28.4886,-62.8535,611.46,4.1
2021-10-31T09:18:15.637Z,-28.1924,-177.3586,64.32,5
2021-10-15T10:57:36.649Z,-27.7555,-71.1613,21.18,4.4
2021-10-30T20:31:28.763Z,-27.6931,73.9034,10,4.9
2021-10-19T18:37:55.689Z,-27.6881,-71.2506,17.09,4.2
2021-10-14T17:41:37.318Z,-27.5874,-70.9519,35,4.3
2021-10-11T15:13:32.364Z,-27.3176,-70.5912,61.5,4.2
2021-10-16T23:25:41.746Z,-26.3988,27.4532,13.09,4
2021-10-27T09:01:20.963Z,-26.3623,28.4239,5,4.1
2021-10-24T00:42:04.985Z,-26.233,178.5185,582.05,4.2
2021-10-17T13:04:03.980Z,-26.0267,-71.1255,12.46,4.4
2021-10-22T08:28:54.652Z,-26.0248,178.5513,596.56,4.3
2021-11-08T16:02:50.573Z,-25.6398,-178.4354,342.92,4.5
2021-10-18T06:24:16.346Z,-25.5621,-179.9818,498.5,4.8
2021-10-31T23:39:39.261Z,-25.3736,179.1491,494.73,4.4
2021-10-22T01:56:38.427Z,-25.3067,179.652,487.85,4.2
2021-10-21T08:10:43.974Z,-25.2396,179.644,497.22,6
2021-10-20T13:05:49.328Z,-25.2013,178.5764,603.61,4.1
2021-10-21T09:55:17.193Z,-25.1518,-179.9257,483.21,4.3
2021-11-03T17:47:28.646Z,-24.8823,179.7832,517.35,4.4
2021-10-16T04:12:15.911Z,-24.7084,-68.5069,116.78,4.2
2021-10-27T07:32:07.286Z,-24.6281,-179.9541,506.41,4.5
2021-10-13T22:00:34.014Z,-24.5942,-67.8136,132.43,4.3
2021-11-03T03:19:00.399Z,-24.4817,-175.9105,35,5.7
2021-10-15T03:53:27.825Z,-24.4347,-68.9389,92.4,4.5
2021-10-29T05:49:39.582Z,-24.4277,-67.3207,177.24,4.4
2021-10-31T13:04:15.930Z,-24.3584,-67.3616,203.38,4
2021-10-14T06:22:02.776Z,-24.3258,-179.7446,528.62,4.6
2021-10-24T16:52:35.348Z,-24.3249,-67.3499,191.46,4.2
2021-11-03T04:38:17.367Z,-24.3065,-175.7732,35,4.8
2021-10-12T17:47:04.057Z,-24.2838,-179.915,513.9,4.5
2021-11-06T20:32:52.855Z,-24.2797,179.9977,513.29,4.9
2021-10-28T23:52:46.637Z,-24.2124,-67.3591,199.19,4.4
2021-11-03T07:26:26.052Z,-24.1836,-175.8391,10,4.9
2021-10-26T14:20:48.520Z,-24.1771,-179.837,503.46,4.1
2021-10-23T08:21:43.427Z,-24.161,-67.0943,154.3,4.8
2021-10-14T18:23:02.355Z,-24.1516,-67.3164,189.98,4.2
2021-10-25T16:05:11.108Z,-24.1351,179.9919,524.61,4.7
2021-10-18T11:27:13.255Z,-24.0992,-67.3258,218.89,4.5
2021-10-17T16:56:42.320Z,-24.0947,-67.1943,187.96,4
2021-10-27T22:21:51.245Z,-24.0855,-66.806,199.59,4
2021-11-01T13:48:49.507Z,-24.0371,-179.8132,505.8,4.6
2021-10-15T11:38:30.064Z,-24.0282,-66.9889,237.95,4.4
2021-10-17T07:29:43.520Z,-23.9741,-67.0051,219.92,4.4
2021-11-05T02:30:49.967Z,-23.8947,-66.9052,232.8,4.2
2021-10-10T14:03:13.056Z,-23.8673,-66.9453,236.48,4.3
2021-10-15T21:46:37.095Z,-23.8654,-179.7868,550.44,4.3
2021-10-29T15:23:23.907Z,-23.8315,-179.6933,536.76,4.6
2021-10-14T07:19:18.094Z,-23.786,-179.9436,520.2,4.2
2021-10-30T07:03:09.320Z,-23.6817,-68.6388,115.12,4.2
2021-11-05T10:05:51.571Z,-23.6225,-179.9673,553.35,4.3
2021-10-16T11:58:22.743Z,-23.6021,-179.2537,535.91,4.1
2021-11-01T00:21:36.791Z,-23.5172,-174.4509,10,4.9
2021-10-18T17:59:48.093Z,-23.4314,172.3768,10,4.4
2021-11-02T02:25:55.816Z,-23.2369,179.7109,552.87,4.6
2021-11-05T01:15:50.435Z,-23.1523,-178.8539,438.77,4.5
2021-10-10T23:21:45.696Z,-23.1039,-66.8759,234.06,4.4
2021-10-31T01:43:41.685Z,-23.026,170.9645,10,4.4
2021-10-15T16:34:59.152Z,-23.0022,-179.2849,512.13,4.2
2021-10-29T23:19:17.796Z,-22.971,-174.0885,10,4.5
2021-10-28T06:03:11.030Z,-22.8447,-174.9461,10,5
2021-10-29T18:55:25.658Z,-22.7973,171.6169,10,4.7
2021-11-02T02:28:07.767Z,-22.7888,171.5916,10,5.4
2021-10-16T09:51:14.875Z,-22.7558,171.1404,10,4.3
2021-11-01T02:53:36.030Z,-22.6714,-174.8006,10,4.7
2021-11-01T03:45:05.022Z,-22.6565,-175.2223,10,4.8
2021-10-24T23:05:17.482Z,-22.5426,-174.5816,10,4.5
2021-11-04T03:23:48.925Z,-22.4706,-179.4689,568.68,4.4
2021-10-30T22:22:24.975Z,-22.4609,-174.4037,10,4.5
2021-10-11T02:14:50.653Z,-22.3968,-67.3437,178.19,4.5
2021-11-04T03:24:18.336Z,-22.3775,-66.2567,275.6,4
2021-10-22T04:20:50.629Z,-22.1605,-179.2438,585.61,4.3
2021-10-22T11:14:49.880Z,-22.1493,-69.1924,108.89,4.4
2021-10-23T19:43:39.320Z,-22.0535,-68.666,120.66,4.1
2021-10-24T19:47:10.197Z,-21.965,179.9548,586.83,4.5
2021-10-31T12:32:04.917Z,-21.8651,170.8184,126.2,4.9
2021-10-10T18:43:22.933Z,-21.7845,-68.4917,126.41,4.3
2021-11-06T02:04:16.941Z,-21.5989,-68.6491,140.79,4.2
2021-10-15T21:30:02.003Z,-21.4969,-178.7865,589.35,4.3
2021-11-01T00:00:45.626Z,-21.4704,168.9188,10,5.1
2021-10-12T06:04:10.874Z,-21.3964,174.4421,522.4,5.4
2021-11-06T13:03:02.864Z,-21.3208,-173.633,10,5.3
2021-10-17T16:57:44.088Z,-21.2598,-68.4756,124.82,4.2
2021-10-19T10:28:45.829Z,-21.2434,-175.7779,10,5.6
2021-10-16T08:20:59.711Z,-21.2159,-178.5935,582.36,4.2
2021-10-30T05:13:18.074Z,-21.1639,-68.6283,138.74,4.2
2021-11-04T01:14:22.584Z,-21.0877,-66.7379,253.29,4.2
2021-11-01T01:22:18.428Z,-20.792,-69.2242,114.75,4
2021-11-03T01:19:23.800Z,-20.7707,-178.5253,590.73,4.8
2021-10-18T15:29:32.279Z,-20.6024,-177.7006,510.87,4.3
2021-10-31T15:46:01.053Z,-20.4438,-68.8105,114.89,4.2
2021-11-06T20:45:56.954Z,-20.3541,-70.0249,53.74,2.7
2021-10-22T09:30:41.020Z,-20.2845,-70.2003,41.31,3.8
2021-10-15T21:12:44.241Z,-20.2662,-173.6829,10,4.5
2021-10-18T02:51:29.828Z,-20.1848,-70.5713,24.58,4
2021-10-20T11:09:40.154Z,-20.1594,-177.6284,528.04,4
2021-10-14T06:27:41.649Z,-20.1174,-70.1057,47.04,3.9
2021-10-12T03:59:50.633Z,-20.0265,169.2668,68.12,4.5
2021-10-10T07:47:05.398Z,-19.9303,-177.5662,371.76,4.3
2021-10-13T12:06:13.591Z,-19.8668,-69.1646,113.23,4
2021-11-06T07:12:36.324Z,-19.864,-177.4746,555.97,4.1
2021-10-15T17:14:13.264Z,-19.802,-177.7603,398.62,4.4
2021-10-19T00:44:59.631Z,-19.7631,-178.0946,437.08,4.2
2021-11-09T14:45:33.089Z,-19.6706,-69.4748,103.59,4.1
2021-11-05T21:45:07.990Z,-19.6491,33.7058,10,4.6
2021-10-30T08:05:19.393Z,-19.6218,-177.6398,379.04,5.5
2021-10-16T20:30:30.319Z,-19.4117,169.6851,10,4.4
2021-10-16T08:08:24.342Z,-19.2755,169.4313,142.07,4.2
2021-11-07T03:39:33.757Z,-19.266,-173.4713,10,5.4
2021-11-05T18:48:20.448Z,-19.2641,-69.7925,93.44,4.5
2021-10-30T00:13:25.628Z,-18.9833,169.4032,208.39,4.3
2021-10-31T17:51:17.986Z,-18.8649,169.5519,260.66,4.4
2021-11-01T15:14:40.096Z,-18.8487,-172.7968,10,4.6
2021-10-21T22:55:30.605Z,-18.7717,-177.6613,569.64,4.4
2021-10-18T10:20:52.782Z,-18.7216,-172.4805,10,4.5
2021-10-22T14:21:03.233Z,-18.6378,-177.6431,655.67,4.5
2021-10-12T13:10:20.457Z,-18.6254,-177.5533,615.72,4.1
2021-11-03T12:45:40.964Z,-18.4741,168.9059,219.86,5
2021-10-25T04:26:48.628Z,-18.3325,-177.8385,610.45,4.2
2021-11-06T20:31:25.917Z,-18.2776,-69.5352,132.87,4.2
2021-10-24T15:07:30.367Z,-18.276,-177.6189,592.01,4
2021-10-13T07:15:26.561Z,-18.1459,-178.2839,635.43,4.2
2021-10-16T23:13:27.370Z,-18.0868,-174.5791,130.89,4.4
2021-10-27T01:35:51.381Z,-17.9959,-178.6251,562.13,4.2
2021-11-06T22:52:23.392Z,-17.9856,-178.0248,605.24,4.3
2021-10-31T23:47:49.759Z,-17.968,-178.4765,571.93,4.4
2021-10-27T22:58:09.456Z,-17.9215,168.6524,132.76,4.1
2021-10-12T00:04:45.952Z,-17.8593,-178.5987,552.27,4.3
2021-10-10T15:43:39.556Z,-17.8582,-178.4205,562.65,4.4
2021-10-10T21:26:29.618Z,-17.7496,-177.7788,612.05,4.6
2021-10-25T21:54:44.986Z,-17.7489,-178.5972,586.15,4.1
2021-10-25T04:50:38.943Z,-17.6924,-173.0246,8.27,4.6
2021-10-25T01:04:27.251Z,-17.6811,-178.7337,593.96,4.2
2021-10-24T04:40:12.188Z,-17.6536,-178.5012,561.79,4
2021-11-01T15:49:54.521Z,-17.6469,-174.5388,176.34,4.6
2021-10-21T21:12:44.726Z,-17.5759,-174.6393,312.57,4.4
2021-10-26T15:02:54.716Z,-17.438,-178.7548,592.62,4.2
2021-10-10T05:04:25.128Z,-17.3981,-175.1916,291.28,4.3
2021-10-27T12:18:18.982Z,-17.3119,168.5759,221.68,4.3
2021-10-18T07:26:36.014Z,-17.1815,-70.5431,130.71,4
2021-10-11T16:49:15.903Z,-17.1444,-174.6911,197.48,4.5
2021-10-22T21:59:46.449Z,-17.0399,-173.9677,75.06,5
2021-11-06T08:55:15.024Z,-16.9959,-174.3935,216.05,4.4
2021-10-13T03:31:21.108Z,-16.876,-174.1679,158.25,4.6
2021-10-21T03:37:20.210Z,-16.8559,-172.7038,10,4.8
2021-10-11T19:10:49.193Z,-16.8442,176.8145,10,4.7
2021-10-10T09:23:25.242Z,-16.6391,-72.76,64.28,4.6
2021-11-02T16:12:12.507Z,-16.6016,-173.6002,10,4.7
2021-10-10T02:57:14.546Z,-16.539,177.6292,10,4.7
2021-10-15T01:51:31.835Z,-16.4557,-69.9868,185.39,4.2
2021-10-14T03:22:00.776Z,-16.2559,-73.0547,52.03,4.4
2021-11-06T09:57:24.318Z,-16.1185,-173.5932,88.27,4.6
2021-10-15T23:14:29.169Z,-16.0812,-173.5297,107.06,4.3
2021-10-28T22:37:47.379Z,-15.9975,-172.0555,10,4.7
2021-11-02T14:49:49.901Z,-15.9689,-173.6805,71.39,4.7
2021-10-10T00:46:59.140Z,-15.8445,-72.2282,7.74,4.5
2021-10-19T00:16:22.892Z,-15.8099,-174.9526,257.62,4
2021-10-13T22:05:02.888Z,-15.6948,167.9574,202.52,4.4
2021-10-12T04:00:04.908Z,-15.6788,-71.9801,10,4.9
2021-10-16T03:45:15.386Z,-15.5281,-177.0936,410.66,4.1
2021-10-26T07:59:07.966Z,-15.4441,67.052,10,4.4
2021-10-31T15:35:58.310Z,-15.2654,167.464,38.93,4.5
2021-10-19T10:18:19.106Z,-15.185,-177.7085,393.02,4.1
2021-10-29T22:43:48.697Z,-15.0565,-73.9407,79.12,4.5
2021-10-14T05:51:55.748Z,-15.0476,167.4701,116,5.6
2021-10-29T19:55:26.377Z,-15.0472,-73.969,68.82,5.2
2021-11-02T13:16:53.989Z,-15.0266,167.8537,35,4.9
2021-10-15T04:46:03.842Z,-15.0087,-177.7623,391.36,4.1
2021-10-17T15:57:34.129Z,-14.8249,167.9587,10,4.9
2021-10-27T08:30:36.554Z,-14.7335,168.2977,34.87,4.1
2021-10-13T22:25:57.872Z,-14.1589,167.3444,197.28,4.5
2021-11-01T06:50:35.830Z,-14.12,167.2983,10,4.5
2021-10-23T01:52:57.769Z,-14.0449,-14.4052,10,4.6
2021-10-18T18:01:47.492Z,-13.9681,165.8007,10,4.6
2021-10-19T14:43:08.525Z,-13.8257,166.5856,58.39,4.4
2021-10-18T07:26:52.398Z,-13.7397,166.9399,96.48,6.1
2021-10-30T02:20:07.530Z,-13.3772,167.5704,10,4.6
2021-11-01T17:07:56.834Z,-12.83,-77.0408,34.91,4.5
2021-10-15T02:51:50.546Z,-12.7737,-71.3141,31.01,4.3
2021-11-04T08:35:29.179Z,-12.2126,167.0594,218.37,4.9
2021-11-02T20:55:06.177Z,-12.1282,65.5865,10,5.5
2021-10-17T07:38:47.674Z,-11.9145,167.0293,79.26,4.4
2021-11-06T19:00:37.433Z,-11.8916,-73.429,52.67,4.8
2021-10-20T06:38:29.655Z,-11.8553,166.8466,205.22,5.1
2021-10-10T00:20:40.657Z,-11.6892,-71.6566,10,5.7
2021-10-10T15:05:36.182Z,-11.6105,-71.6396,54.29,4.5
2021-10-16T12:53:41.819Z,-11.5978,-77.5312,57.92,4.4
2021-10-18T22:43:24.226Z,-10.9823,162.2775,40.46,4.7
2021-10-24T00:08:20.905Z,-10.9623,164.5425,10,4.8
2021-10-20T05:47:26.823Z,-10.7892,162.0651,74.1,4.6
2021-10-23T14:58:15.229Z,-9.7994,118.9401,34.93,4.1
2021-11-05T13:17:23.828Z,-9.6511,117.4826,73.69,4.1
2021-10-24T09:43:56.636Z,-9.6458,108.0299,10,4.3
2021-10-18T00:48:59.479Z,-9.6355,118.1749,10,4.3
2021-10-12T04:34:35.763Z,-9.6206,-71.2681,605.13,4.1
2021-10-27T05:50:44.170Z,-9.5795,124.9639,41.74,4.9
2021-10-29T11:35:08.712Z,-9.4799,121.3369,75.89,4.4
2021-10-25T06:52:04.177Z,-9.3149,107.8242,10,5
2021-10-22T02:39:16.739Z,-9.2293,110.3822,31.36,4.6
2021-10-13T09:07:41.597Z,-9.1934,-78.8425,69.74,4.6
2021-10-11T03:09:54.480Z,-9.0318,122.385,97.92,4.8
2021-10-27T04:17:36.155Z,-8.975,110.9106,35,4.1
2021-10-13T05:00:44.111Z,-8.9377,110.9692,47.25,4.8
2021-10-31T02:55:44.999Z,-8.9021,158.481,31.92,4.8
2021-10-15T02:44:57.920Z,-8.8768,158.4815,22.55,6.4
2021-10-19T13:59:03.874Z,-8.862,158.4373,17.51,4.4
2021-10-22T02:21:15.383Z,-8.7794,112.5219,80.08,5.3
2021-10-10T04:06:19.934Z,-8.7576,-74.7022,128.65,4.6
2021-10-25T17:44:24.029Z,-8.7414,67.0509,10,4.6
2021-10-15T05:49:29.090Z,-8.5332,32.1593,10,4.7
2021-10-15T20:18:20.996Z,-8.3378,115.4722,10,5.1
2021-10-20T09:21:11.505Z,-8.2559,116.7938,10,4.8
2021-10-28T16:06:41.225Z,-8.2364,124.6286,10,3.4
2021-10-20T18:53:17.448Z,-7.9008,106.4551,35,4.5
2021-10-30T11:11:42.214Z,-7.7089,125.4201,15.23,5.5
2021-10-15T22:38:34.460Z,-7.6738,115.354,286.78,4.3
2021-10-26T10:22:03.478Z,-7.6443,119.8714,263.51,4.3
2021-10-11T16:35:48.224Z,-7.5197,128.1713,156.05,4.4
2021-10-28T02:32:05.751Z,-7.4955,128.4359,129.62,5.1
2021-10-31T11:26:58.486Z,-7.3778,128.4582,166.35,4
2021-10-31T13:05:14.779Z,-7.3242,129.6434,141.31,4.3
2021-10-12T15:25:17.976Z,-7.3026,120.3202,539.11,4.1
2021-10-13T09:57:27.898Z,-7.1823,129.4314,143.65,4.9
2021-11-08T08:31:07.621Z,-7.133,126.5282,395.81,4.2
2021-10-15T20:34:06.072Z,-7.1329,104.1111,35.33,4.4
2021-10-31T02:06:32.832Z,-7.1095,129.0465,155.37,4.6
2021-10-13T10:51:47.685Z,-7.0998,130.0563,91.46,5
2021-10-14T20:49:18.495Z,-7.0946,130.0521,97.67,4.9
2021-10-11T07:45:10.332Z,-7.0554,156.051,79.06,4.5
2021-10-15T23:03:39.547Z,-7.012,104.0438,10,4.3
2021-10-23T10:32:43.231Z,-6.9231,129.9346,140.01,4.5
2021-10-31T15:03:50.189Z,-6.9072,130.0235,128.12,4.3
2021-11-02T16:43:52.809Z,-6.8807,130.4963,94,5.9
2021-10-12T03:53:00.860Z,-6.8356,129.7224,135.54,4.7
2021-11-04T07:56:55.822Z,-6.8101,129.5299,129.93,4.5
2021-11-04T16:25:05.135Z,-6.7899,147.626,46.39,5.2
2021-10-23T19:09:09.929Z,-6.6495,130.2778,99.11,4.1
2021-10-25T13:47:41.944Z,-6.6285,147.3544,35,4.3
2021-10-23T08:07:17.225Z,-6.6028,155.2948,35,4.4
2021-10-29T00:03:26.023Z,-6.5758,129.927,137.85,4.1
2021-10-15T03:59:36.671Z,-6.4171,149.3218,47.19,4.4
2021-10-10T15:13:45.594Z,-6.3962,149.1947,35,4.5
2021-10-28T07:03:00.130Z,-6.2811,130.1942,115.61,4.6
2021-10-31T17:04:22.034Z,-6.255,154.0494,10,4.4
2021-10-28T12:28:57.170Z,-6.1944,154.5833,82.4,4.6
2021-11-06T05:30:22.461Z,-6.1268,130.1686,159.1,4.5
2021-11-05T23:19:49.967Z,-6.0684,-81.4731,10,5.1
2021-11-01T18:20:16.630Z,-6.038,148.5685,63.48,4.4
2021-10-21T19:34:36.937Z,-6.0017,122.5323,10,4.3
2021-10-31T14:30:48.977Z,-6.0008,128.6066,338.09,4
2021-10-19T08:43:01.928Z,-5.9856,150.686,68.82,4
2021-10-27T20:41:57.228Z,-5.9849,128.7265,326.18,4.7
2021-10-23T07:12:57.224Z,-5.8357,128.9122,220.13,4.4
2021-10-16T07:43:00.311Z,-5.8122,130.5612,87.18,4.3
2021-10-12T18:44:06.972Z,-5.7399,149.0643,127.87,4.9
2021-10-22T09:49:55.014Z,-5.6196,152.0992,10,4.5
2021-10-20T12:30:13.502Z,-5.4852,153.338,10,4.2
2021-10-18T16:18:54.803Z,-5.4724,147.0224,201.74,4.3
2021-11-09T02:19:09.125Z,-5.3981,123.184,10,4.8
2021-10-25T05:21:55.398Z,-5.3964,152.5386,20.98,5.2
2021-10-14T07:46:48.604Z,-5.2957,154.1911,122.79,4
2021-10-21T20:31:53.262Z,-5.0531,153.7952,70.63,4.3
2021-10-15T23:17:27.891Z,-4.9203,102.9791,59.39,5
2021-10-11T04:26:00.716Z,-4.7324,-106.2018,10,4.5
2021-10-23T23:34:25.776Z,-4.6852,101.9672,46.53,4.8
2021-10-11T14:11:35.327Z,-4.6662,152.3943,68.21,4.6
2021-10-17T05:18:52.142Z,-4.6116,153.0343,61.97,4.7
2021-10-13T06:48:05.574Z,-4.4452,152.8053,10,4.5
2021-11-01T06:19:38.253Z,-4.4325,102.0206,35,4.4
2021-10-13T09:54:28.907Z,-4.2422,152.9254,10,4.9
2021-10-20T12:48:00.052Z,-4.1854,143.3668,139.91,4.3
2021-10-13T06:25:38.447Z,-4.1376,152.8995,10,5.1
2021-10-19T13:03:37.245Z,-4.0324,135.8205,16.2,4.3
2021-11-06T23:17:37.982Z,-4.0261,140.0439,51.73,4.4
2021-10-26T04:32:44.530Z,-3.8344,-103.1302,10,4.8
2021-10-19T00:37:31.205Z,-3.6304,134.7043,10,4.7
2021-11-06T16:01:56.581Z,-3.4701,134.0201,17.43,4.7
2021-11-06T16:12:12.313Z,-3.4626,134.2232,10,4.3
2021-10-26T17:25:38.858Z,-3.3536,101.684,46.42,4.3
2021-10-25T22:05:11.771Z,-3.2153,140.9429,34.98,5.2
2021-10-11T22:17:46.474Z,-3.1266,102.2585,114.01,4
2021-11-02T00:02:58.914Z,-3.0565,-76.3517,10,4.5
2021-11-04T02:42:44.037Z,-2.9492,129.3383,18,5.7
2021-10-24T00:24:01.228Z,-2.9315,122.2714,10,4.4
2021-11-07T16:28:17.132Z,-2.9276,129.369,10,4.7
2021-10-24T01:30:19.008Z,-2.8314,128.9202,10,4.4
2021-10-12T02:17:42.542Z,-2.417,68.5335,10,4.6
2021-10-20T06:10:51.668Z,-2.3171,139.2108,43.93,4.9
2021-10-22T17:01:13.821Z,-2.3067,100.752,59.45,4.3
2021-10-17T15:02:09.179Z,-2.0417,125.7521,10,4.4
2021-11-07T19:43:20.793Z,-1.9911,125.7514,31.93,4.5
2021-10-22T22:24:13.093Z,-1.5103,115.8128,10,4.4
2021-11-06T03:56:19.491Z,-1.3113,120.6166,10,5.1
2021-10-13T03:08:56.087Z,-1.147,132.9789,54.99,4.6
2021-10-31T04:08:38.626Z,-0.9738,-13.3005,10,4.6
2021-10-11T19:17:00.270Z,-0.9403,97.4199,10,4.4
2021-10-14T17:55:50.270Z,-0.933,100.8409,10,4.3
2021-10-16T11:13:07.708Z,-0.8059,130.9824,10,4.1
2021-11-08T05:05:56.282Z,-0.5679,123.5638,10,5
2021-10-13T03:28:51.065Z,-0.4998,132.6916,35,4.6
2021-10-16T04:46:05.740Z,-0.3636,29.9453,10,4.5
2021-10-16T00:23:26.733Z,-0.3396,29.7956,10,4.7
2021-11-03T14:11:29.553Z,-0.2883,123.9886,78.49,4.8
2021-11-08T20:07:55.112Z,-0.2324,125.1272,54.15,4.6
2021-11-06T14:37:37.418Z,-0.0751,124.3146,39.85,6
2021-11-02T19:56:58.318Z,0.1194,96.712,15,4.4
2021-11-02T14:47:48.048Z,0.1448,96.6846,10,4.9
2021-11-02T14:59:16.825Z,0.1717,96.675,10,4.5
2021-11-07T11:29:03.404Z,0.1951,98.5164,50.03,4.4
2021-11-01T21:12:34.842Z,0.2067,96.7147,9.33,4
2021-11-01T17:04:16.558Z,0.2088,96.7094,8,6
2021-11-01T18:38:08.475Z,0.2161,96.7256,10,4.7
2021-11-03T01:30:22.154Z,0.2509,96.6579,10,4.7
2021-11-01T18:37:59.930Z,0.2528,96.7126,10,4.6
2021-11-01T21:38:50.837Z,0.2636,96.7476,10,4.2
2021-11-02T13:39:16.663Z,0.266,96.6246,10,4.9
2021-11-02T10:04:08.088Z,0.2757,96.6903,10,4.7
2021-11-01T21:47:34.488Z,0.298,96.7281,10,4.7
2021-11-02T15:06:23.297Z,0.3396,96.5751,10,4.3
2021-10-12T00:33:44.578Z,0.3763,-80.3246,10,4.4
2021-11-01T20:10:54.798Z,0.4177,96.7075,10,4.3
2021-11-02T14:30:52.026Z,0.5011,67.1926,10,4.9
2021-10-25T02:30:47.375Z,0.5444,123.5277,247.4,4.9
2021-10-11T12:34:36.004Z,0.8064,126.2015,36.24,5.7
2021-10-11T17:30:29.810Z,0.8374,126.132,24.97,5
2021-10-16T10:08:28.275Z,0.8569,126.2687,44.03,4.6
2021-10-10T21:54:06.478Z,0.8683,126.4264,35,4.4
2021-10-11T15:27:49.060Z,0.8919,126.1283,10,5
2021-10-11T13:17:43.164Z,0.9174,126.0934,10,4.3
2021-11-03T00:50:35.926Z,0.9201,98.5404,67,5.1
2021-10-18T16:29:20.688Z,1.0918,128.0997,10,4.5
2021-10-14T15:32:07.069Z,1.1921,126.2553,60.2,4.4
2021-10-14T15:16:28.914Z,1.2098,126.1603,33.9,5.5
2021-11-04T14:06:52.768Z,1.2543,126.4056,59.39,4.5
2021-11-01T13:32:15.437Z,1.2642,126.3337,49.66,4.4
2021-10-18T00:35:54.691Z,1.2807,127.9495,127.95,4.5
2021-10-26T09:46:07.390Z,1.4151,127.0752,128.38,4.8
2021-10-15T19:48:34.021Z,1.4256,97.055,25.38,4.5
2021-10-24T03:22:10.045Z,1.5675,126.4385,41.76,4.8
2021-11-03T09:11:18.664Z,1.8544,126.6616,29.89,4.5
2021-11-01T18:40:22.929Z,1.9769,126.5764,57.97,4.1
2021-11-05T04:13:52.135Z,2.1111,-78.963,49.02,4.5
2021-10-29T21:43:49.628Z,2.1778,-76.6109,19.89,4.6
2021-10-26T10:02:30.413Z,2.2001,96.1543,31.64,4.3
2021-10-13T08:39:09.301Z,2.2276,126.6335,35,4.2
2021-10-29T02:15:11.549Z,2.3434,128.2211,152.55,4.1
2021-10-17T05:49:02.887Z,2.3612,128.5002,234.03,4.3
2021-10-13T16:21:54.790Z,2.4228,97.6487,56.04,4.1
2021-11-02T10:20:34.974Z,2.5164,128.4957,236.09,4.3
2021-10-18T07:03:50.417Z,2.7512,128.0686,161.75,4.7
2021-11-01T13:30:37.944Z,2.7555,128.605,223.42,4.5
2021-10-25T14:39:10.611Z,2.7926,95.399,10,4.6
2021-10-31T07:30:58.762Z,2.9821,127.8339,91.98,4.3
2021-10-24T21:54:53.640Z,3.0309,127.9471,89.72,4.6
2021-10-27T22:35:37.428Z,3.0758,128.2237,10,4.4
2021-10-10T11:32:36.429Z,3.3745,122.9715,548.36,4.6
2021-10-15T03:30:36.171Z,3.6021,123.2846,477,4.5
2021-10-17T17:16:06.273Z,4.1769,125.8217,84.11,4.2
2021-10-31T13:37:50.240Z,4.1881,127.5992,135.03,4.1
2021-10-27T18:13:47.948Z,4.1959,126.6861,10,4.3
2021-10-13T17:48:09.450Z,4.3648,123.3591,502.56,4.4
2021-10-22T07:27:53.898Z,4.4309,147.2868,10,5.4
2021-10-11T15:25:54.633Z,5.2029,125.3122,56.96,4.6
2021-10-29T04:33:31.851Z,5.2456,125.5778,175.74,5.2
2021-11-02T08:31:52.142Z,5.351,-82.6885,10,4.6
2021-10-15T17:55:21.523Z,5.4921,126.9907,111.66,4.5
2021-11-09T15:37:57.111Z,5.8715,126.6292,55.95,4.3
2021-10-11T08:30:08.676Z,5.9847,-73.3004,171.68,4.1
2021-10-27T12:44:26.706Z,6.0198,125.9874,122.99,4.4
2021-10-14T07:14:34.613Z,6.029,126.033,146.86,4.5
2021-10-30T12:10:36.544Z,6.0342,126.2071,111.53,4.4
2021-10-11T23:30:21.616Z,6.114,126.9141,69.81,5
2021-10-17T04:58:06.881Z,6.2127,-82.6248,10,4.5
2021-10-17T15:51:35.992Z,6.3622,-73.4851,119.01,4.5
2021-11-08T07:04:49.921Z,6.4973,126.154,85.96,4.8
2021-10-11T20:15:59.447Z,6.6445,123.6439,590.23,4.2
2021-10-14T21:19:05.589Z,6.7396,127.2997,10,4.7
2021-10-12T04:51:47.707Z,6.8198,-72.9919,151.95,5
2021-10-17T05:52:48.103Z,6.8479,-82.7032,10,4.3
2021-11-09T15:17:15.557Z,6.8819,-73.0192,142.78,4.3
2021-10-29T05:50:59.875Z,6.9521,-73.0552,134.8,4.3
2021-10-17T11:28:01.676Z,7.4422,126.5876,156.46,4.3
2021-10-23T14:50:43.800Z,7.4528,136.0279,10,4.5
2021-10-26T05:51:11.249Z,7.5211,126.6716,70.3,4.6
2021-10-15T22:44:55.036Z,7.8384,127.0741,124.23,4.6
2021-11-08T04:16:48.005Z,7.933,126.6524,69.83,4.8
2021-10-19T19:53:26.476Z,8.1065,-83.2424,46.62,4.5
2021-10-23T23:08:29.143Z,8.5647,127.0163,10,5.1
2021-10-15T16:54:48.080Z,8.8327,126.3554,65.95,4.9
2021-11-05T05:05:17.593Z,9.0592,126.5795,9.77,4.7
2021-10-19T06:32:21.032Z,9.3291,-84.6284,10,4.6
2021-10-19T05:13:07.838Z,9.4901,-85.9802,12.86,4.4
2021-10-13T02:54:26.358Z,9.562,-84.7757,16.27,5
2021-10-16T14:53:15.115Z,9.8396,-84.3873,10,3.7
2021-10-12T15:16:14.666Z,9.8619,124.2758,34.57,4.6
2021-10-28T23:35:02.649Z,9.8784,138.1142,10,5
2021-11-02T03:58:56.764Z,9.9261,122.513,10,4.6
2021-10-15T17:42:25.708Z,9.9933,41.6294,13.03,4.5
2021-10-18T22:21:32.032Z,10.1039,41.5128,10,4.5
2021-10-11T20:23:49.607Z,10.1257,-103.9609,10,4.7
2021-10-24T14:26:23.246Z,10.1505,41.4644,10,4.6
2021-10-27T00:35:58.270Z,10.4691,41.519,10,4.4
2021-10-24T10:22:21.717Z,10.8761,-86.4084,35,4.4
2021-10-14T10:37:49.445Z,10.891,121.9229,39.08,4.3
2021-10-11T04:32:40.890Z,10.897,-85.7742,59.9,4.2
2021-10-19T22:12:24.661Z,10.9441,124.8208,10,4.5
2021-11-09T11:13:02.393Z,11.0647,-86.4981,35,4.8
2021-11-09T02:53:50.189Z,11.1031,-86.7025,17,5.8
2021-10-11T07:38:58.987Z,11.1775,-86.8972,26.95,4
2021-11-09T06:24:23.814Z,11.1869,-86.4882,35,5.7
2021-11-09T06:25:17.066Z,11.2315,-86.5185,35,6.2
2021-10-16T07:07:44.959Z,11.5925,-60.0979,44.27,4.9
2021-10-16T04:17:18.071Z,12.0846,143.1452,27.48,4.7
2021-11-02T07:58:12.215Z,12.2338,-88.0057,42.98,4.5
2021-10-18T11:16:00.247Z,12.2525,-88.0722,35,4.4
2021-10-15T22:08:43.090Z,12.8097,147.9362,10.11,4.7
2021-10-12T09:20:38.416Z,12.8557,144.2894,35,4.5
2021-11-01T03:07:56.341Z,12.8653,-88.6283,60.85,5
2021-10-28T05:39:03.537Z,12.868,124.5322,10,4.8
2021-11-01T07:37:42.435Z,12.8775,-88.7202,65.65,4.4
2021-11-02T05:18:21.516Z,13.0203,144.8786,34.96,4.7
2021-10-15T23:02:46.867Z,13.1216,-89.2843,52.65,4.2
2021-11-08T17:45:44.987Z,13.1454,-89.178,71.53,4.5
2021-10-31T13:42:07.239Z,13.1509,144.0029,138.35,4.3
2021-11-06T05:04:16.613Z,13.5022,-89.9782,59.84,4.3
2021-10-14T17:21:03.479Z,13.6059,123.302,35,4.4
2021-10-31T02:17:16.682Z,13.7372,120.8286,138.6,4.3
2021-11-02T00:35:40.397Z,13.7512,49.1688,10,4.5
2021-10-26T12:57:07.884Z,13.7634,144.9338,121.28,4.1
2021-10-13T14:21:48.777Z,13.8224,-90.6391,98.94,4.5
2021-10-16T12:38:23.519Z,13.8566,145.0988,122.59,4
2021-10-16T20:07:08.164Z,14.1534,146.9409,10,4.2
2021-10-21T23:05:34.477Z,14.3425,56.1171,10,4.4
2021-10-29T20:53:19.142Z,14.3616,-92.7455,39.43,4.3
2021-10-22T05:19:50.662Z,14.4571,123.3593,68.29,4.5
2021-10-17T16:32:51.103Z,14.5064,123.3527,32.58,4.4
2021-10-18T21:08:20.736Z,14.598,-93.7188,10,4.2
2021-10-29T01:06:33.827Z,14.616,54.8586,10,4.1
2021-11-02T01:20:00.039Z,14.6446,-93.2789,35,4.1
2021-10-14T06:45:52.229Z,14.6536,120.2943,114.27,4
2021-10-29T06:12:42.899Z,14.6683,55.017,10,4.6
2021-11-02T08:34:52.731Z,14.6816,145.5534,145.99,5
2021-10-12T00:48:49.859Z,14.8234,-92.3365,79.66,4
2021-10-29T10:06:25.126Z,14.921,54.8694,10,4.6
2021-10-18T22:31:00.740Z,15.1343,-92.5771,85.69,4.2
2021-10-21T13:08:19.634Z,15.2415,-93.8738,77.55,4.1
2021-10-16T22:56:15.668Z,15.4943,-49.9874,10,5
2021-10-26T05:15:55.778Z,15.892,145.9252,154.12,4.2
2021-10-23T14:20:24.282Z,15.9647,39.6016,10,4.3
2021-10-24T08:20:21.446Z,16.0114,-60.3382,38.34,4.4
2021-10-18T18:10:21.638Z,16.0893,-98.2244,10,4.3
2021-10-24T14:41:01.269Z,16.097,-97.8692,20.16,4.4
2021-10-21T20:22:09.533Z,16.1576,-93.8502,83.15,4.4
2021-10-17T23:26:32.689Z,16.6583,-93.9459,136.02,4.6
2021-10-29T05:54:07.243Z,16.9017,-94.9927,111.88,4.4
2021-10-15T18:44:34.776Z,17.1528,-85.131,10,4.6
2021-10-11T16:24:38.865Z,17.1543,77.0051,10,4.3
2021-10-23T22:47:27.117Z,17.3061,-62.1265,94.04,4.6
2021-10-29T18:33:25.255Z,17.6187,-101.0423,55.61,4.3
2021-10-13T04:09:38.207Z,17.6605,119.4157,10,4.4
2021-10-22T01:28:36.060Z,17.8041,-66.7605,7,2.64
2021-10-10T01:35:27.720Z,17.8075,-66.9306,10,2.56
2021-10-14T17:08:46.270Z,17.8251,-66.8418,3,2.52
2021-10-24T03:05:34.210Z,17.8265,-66.821,6,2.53
2021-10-18T07:33:41.420Z,17.8453,-66.8805,13,2.87
2021-11-06T05:08:40.560Z,17.856,-65.6966,4,3.08
2021-11-05T04:27:50.000Z,17.8581,-66.9551,13,2.97
2021-10-19T15:06:51.210Z,17.8583,-66.8528,4,2.52
2021-10-28T00:28:48.070Z,17.8623,-66.8853,8,2.98
2021-11-06T18:00:13.500Z,17.8771,-65.7031,4,3.36
2021-11-05T04:43:49.300Z,17.8773,-66.9423,12,3.18
2021-10-29T03:44:53.250Z,17.8856,-66.8775,13,2.62
2021-10-30T12:35:10.370Z,17.8863,-66.9683,10,3.47
2021-10-28T00:22:48.870Z,17.8868,-66.8485,14,2.65
2021-10-28T13:39:58.120Z,17.8883,-66.8738,12,3.1
2021-10-30T10:47:10.230Z,17.89,-66.8713,17,2.91
2021-10-29T23:13:00.930Z,17.8921,-66.8761,12,2.59
2021-10-28T18:13:17.400Z,17.8945,-66.8721,13,2.58
2021-10-30T21:27:13.210Z,17.8955,-66.9695,10,2.86
2021-10-28T16:01:00.690Z,17.8993,-66.8693,9,3.08
2021-10-18T04:11:48.490Z,17.9085,-66.8526,14,2.55
2021-10-18T14:00:23.630Z,17.9095,-66.8888,16,2.77
2021-11-08T23:20:29.980Z,17.9155,-66.7471,6,3.05
2021-10-17T09:12:39.660Z,17.9228,-66.6903,32,2.87
2021-10-15T02:41:22.060Z,17.925,-66.8233,13,2.64
2021-10-19T14:54:35.330Z,17.928,-66.8588,18,2.53
2021-10-12T05:04:17.400Z,17.9293,-66.8411,11,2.81
2021-11-04T03:27:47.450Z,17.9316,-67.0203,10,2.69
2021-11-08T19:17:53.200Z,17.9356,-66.925,8,3.03
2021-10-19T12:25:47.380Z,17.9391,-66.8466,12,2.6
2021-10-27T10:26:49.270Z,17.9396,-66.9621,13,2.86
2021-11-06T04:17:58.450Z,17.9405,-66.83,11,2.66
2021-10-12T20:51:12.200Z,17.9415,-66.9636,13,2.58
2021-10-25T19:04:16.940Z,17.9428,-67.019,9,3.25
2021-10-23T15:29:33.690Z,17.9433,-66.9821,10,2.61
2021-11-01T04:26:53.270Z,17.9433,-66.9601,13,3.09
2021-11-07T09:14:51.360Z,17.9443,-67.1026,9,3.24
2021-10-17T08:49:14.330Z,17.9443,-66.8491,11,2.78
2021-10-26T03:57:38.080Z,17.9453,-66.9633,13,2.9
2021-10-29T05:41:36.710Z,17.9471,-66.9868,10,3.19
2021-10-29T09:26:22.800Z,17.9478,-66.9386,7,2.61
2021-11-02T01:56:58.100Z,17.9488,-66.9448,7,2.98
2021-10-25T06:18:25.600Z,17.9495,-67.0133,10,3.33
2021-11-04T20:31:14.880Z,17.95,-66.9531,9,2.67
2021-11-07T10:14:32.020Z,17.9505,-67.0945,9,2.96
2021-10-25T05:49:20.850Z,17.9508,-67.0168,10,2.84
2021-10-17T14:13:43.520Z,17.9508,-66.8931,14,2.88
2021-11-05T01:42:18.610Z,17.9519,-66.9656,14,3.34
2021-10-14T04:38:47.030Z,17.9521,-67.0178,11,3.29
2021-10-19T15:24:23.120Z,17.9525,-66.8116,12,3.11
2021-10-27T04:24:59.080Z,17.9528,-67.0143,9,2.94
2021-11-05T09:12:19.290Z,17.953,-66.9483,8,3.19
2021-10-21T04:06:38.850Z,17.9545,-66.813,12,2.55
2021-11-04T09:21:54.630Z,17.9546,-66.6993,7,2.72
2021-10-25T06:08:20.890Z,17.9556,-67.0066,8,3.36
2021-10-15T01:29:05.430Z,17.9563,-66.969,9,3.01
2021-10-24T16:38:40.420Z,17.9566,-67.1061,10,3.12
2021-10-10T02:58:05.880Z,17.957,-66.8725,11,2.54
2021-10-26T04:10:14.180Z,17.9578,-67.0158,8,3.02
2021-10-26T11:32:40.460Z,17.9591,-67.0116,8,3.09
2021-10-26T04:53:44.150Z,17.9596,-67.011,9,2.55
2021-10-24T16:16:58.420Z,17.9605,-67.1071,9,3.29
2021-10-24T05:25:52.060Z,17.9605,-66.9553,10,2.83
2021-10-29T01:04:35.920Z,17.9631,-66.8726,11,2.58
2021-11-05T23:05:37.590Z,17.9651,-66.9603,10,2.83
2021-10-24T13:57:59.730Z,17.9666,-66.8395,15,3.04
2021-11-05T18:37:33.070Z,17.968,-66.953,10,3.07
2021-11-05T03:02:45.560Z,17.9681,-66.8475,17,3
2021-11-08T10:27:49.520Z,17.9685,-66.9751,7,2.68
2021-10-25T04:41:52.190Z,17.9713,-66.9248,9,2.72
2021-11-05T23:53:08.730Z,17.9715,-66.9521,8,2.5
2021-10-29T00:06:48.810Z,17.9716,-66.9248,9,2.69
2021-10-25T04:40:10.090Z,17.972,-66.9263,9,3.45
2021-10-28T05:29:08.990Z,17.9723,-66.9308,10,2.5
2021-10-26T08:01:15.330Z,17.975,-66.9338,8,2.53
2021-11-05T23:15:21.730Z,17.9768,-66.9548,10,3.07
2021-11-01T01:35:35.680Z,17.9773,-66.8183,15,2.57
2021-10-25T01:01:15.650Z,17.9793,-66.932,9,3.12
2021-10-14T08:05:08.410Z,17.9793,-66.8276,14,2.88
2021-10-25T03:51:51.630Z,17.9836,-66.8498,13,2.79
2021-10-10T10:22:06.470Z,17.9841,-66.8486,12,2.87
2021-11-06T15:43:50.510Z,17.9861,-66.7296,10,2.52
2021-10-23T13:31:31.810Z,17.988,-66.8183,12,2.87
2021-10-16T07:04:49.000Z,17.989,-66.8358,17,2.97
2021-11-08T12:52:54.320Z,17.9943,-66.9995,9,2.68
2021-10-28T06:36:45.690Z,17.9948,-66.8475,14,2.89
2021-10-28T10:32:17.290Z,17.9965,-65.8691,9,3.21
2021-10-30T03:56:44.110Z,18.003,-66.7676,11,2.74
2021-11-03T07:47:00.880Z,18.0056,-66.9286,9,3.1
2021-10-17T15:57:37.710Z,18.0065,-66.822,16,2.89
2021-10-16T04:39:32.000Z,18.0075,-66.7288,14,2.89
2021-10-17T12:47:09.100Z,18.0116,-68.481,70,3.68
2021-11-03T19:55:51.530Z,18.0128,-66.726,14,2.82
2021-10-27T15:34:46.040Z,18.018,-66.7428,15,2.93
2021-10-26T00:22:00.670Z,18.0181,-66.8761,16,2.72
2021-11-05T13:19:26.650Z,18.0188,-68.326,102,3.5
2021-10-14T02:52:37.220Z,18.0285,-66.7336,16,2.61
2021-10-20T07:05:32.200Z,18.0288,-66.7865,14,2.66
2021-11-06T08:50:05.110Z,18.029,-66.7776,13,2.63
2021-10-19T12:47:41.000Z,18.0321,-66.8021,15,2.7
2021-11-02T16:06:38.960Z,18.0331,-66.7638,16,2.52
2021-10-29T05:09:11.530Z,18.0358,-67.0958,13,3.18
2021-10-27T11:02:39.070Z,18.0521,-67.0591,14,3.11
2021-10-12T20:03:01.510Z,18.0933,-68.5828,172,3.85
2021-10-11T23:30:05.950Z,18.1086,-68.4258,87,3.8
2021-10-30T20:03:11.620Z,18.1173,-68.3571,108,3.78
2021-10-23T16:29:17.270Z,18.1188,-68.2541,92,3.81
2021-10-23T12:10:45.940Z,18.1386,-67.1668,19,2.64
2021-10-30T15:28:08.780Z,18.1603,-67.3723,10,3.54
2021-10-25T09:54:43.380Z,18.1731,-68.4391,119,3.92
2021-11-05T09:26:07.670Z,18.189,-67.667,4,3.3
2021-10-22T17:52:55.328Z,18.2078,145.299,395.23,4.3
2021-10-20T19:37:45.310Z,18.2118,-68.4573,66,3.6
2021-10-18T23:58:07.930Z,18.224,-66.8398,12,3.24
2021-10-28T08:08:39.900Z,18.245,-64.2801,9,3.43
2021-11-08T18:23:19.110Z,18.2505,-67.8011,148,3.65
2021-10-29T21:09:52.550Z,18.2595,-66.1103,20,2.88
2021-10-22T22:20:58.190Z,18.2648,-67.7073,82,3.24
2021-10-24T05:57:00.120Z,18.293,-68.3611,45,3.28
2021-10-29T17:46:32.530Z,18.3453,-68.5676,87,3.4
2021-10-14T03:12:56.650Z,18.3885,-68.221,143,4.45
2021-10-26T06:03:47.100Z,18.4141,-67.9625,97,3.41
2021-11-01T22:08:17.732Z,18.4295,-62.3407,32.38,5
2021-10-17T07:21:05.350Z,18.4588,-68.2341,86,3.72
2021-11-02T12:43:39.860Z,18.4703,-68.8866,134,3.8
2021-10-23T08:28:39.395Z,18.5397,146.8901,35,4.4
2021-10-28T07:55:57.850Z,18.5413,-64.2331,50,3.56
2021-10-25T21:11:41.410Z,18.5525,-66.8496,110,3.28
2021-10-20T21:48:46.234Z,18.5561,120.9474,42.43,4.3
2021-10-31T01:35:23.270Z,18.5615,-67.403,12,3.19
2021-10-23T14:16:06.150Z,18.5741,-66.1973,71,3.08
2021-10-23T22:04:51.980Z,18.5931,-67.0761,78,3.09
2021-10-29T04:30:20.330Z,18.6138,-66.7428,13,2.96
2021-10-30T00:11:34.592Z,18.6728,-74.0726,10,3.1
2021-10-18T13:45:23.980Z,18.697,-68.0025,41,3.3
2021-10-16T18:27:28.934Z,18.7026,-81.7062,10,5.4
2021-10-18T20:56:25.330Z,18.7206,-67.3548,17,3.23
2021-10-19T08:01:23.590Z,18.7213,-65.1003,30,3.41
2021-11-07T07:53:19.550Z,18.7248,-66.8441,60,3.31
2021-11-02T17:04:48.840Z,18.7703,-65.7135,7,3.32
2021-10-10T19:55:00.500Z,18.7856,-66.4751,16,3.02
2021-10-24T04:59:17.239Z,18.7884,-74.0606,10,4.1
2021-10-28T21:31:21.350Z,18.7885,-64.3661,12,3.59
2021-10-18T08:14:19.050Z,18.789,-67.2523,12,3.25
2021-10-11T15:56:45.270Z,18.79,-65.3805,11,3.43
2021-10-21T11:43:10.260Z,18.7915,-67.4283,10,3.24
2021-10-22T17:14:15.455Z,18.8052,-74.133,10,3.3
2021-10-30T08:36:17.600Z,18.8083,-65.0415,23,3.52
2021-10-10T21:48:36.560Z,18.82033333,-155.5271667,35.06,6.21
2021-10-12T09:15:02.640Z,18.83316667,-155.5103333,36.31,2.71
2021-10-15T07:24:17.386Z,18.8347,-74.1594,10,4
2021-10-11T04:43:57.620Z,18.83583333,-155.5288333,36.31,3.05
2021-10-25T22:27:05.710Z,18.83866667,-155.5228333,35.73,2.61
2021-10-11T03:18:39.670Z,18.841,-155.5135,36.74,2.53
2021-10-10T22:21:17.870Z,18.84516667,-155.5173333,35,2.55
2021-10-11T01:01:35.970Z,18.84533333,-155.5163333,35.87,2.5
2021-10-30T13:47:59.536Z,18.848,-68.2664,35,2.5
2021-10-10T22:30:11.720Z,18.851,-155.5345,37.22,2.59
2021-10-29T22:24:37.220Z,18.85233333,-155.5113333,33.94,2.66
2021-11-05T00:19:07.310Z,18.85633333,-155.5061667,34.86,2.8
2021-10-12T04:09:48.300Z,18.858,-155.5111667,35.26,2.79
2021-10-10T23:24:53.730Z,18.85866667,-155.5128333,35.13,2.54
2021-10-12T15:16:49.820Z,18.85883333,-155.5081667,34.53,3.08
2021-10-17T09:44:34.220Z,18.86016667,-155.5065,34.24,3.01
2021-10-10T02:57:39.380Z,18.866,-64.6701,29,3.03
2021-10-10T21:53:08.410Z,18.868,-155.542,35.99,4.26
2021-10-10T22:55:28.710Z,18.86883333,-155.5158333,35.52,2.87
2021-10-12T08:39:18.540Z,18.87033333,-155.5251667,35.82,2.72
2021-10-16T01:12:45.220Z,18.87266667,-155.5105,34.86,2.74
2021-10-10T21:59:50.410Z,18.87433333,-155.5166667,36.01,3.05
2021-10-11T01:48:29.200Z,18.87633333,-155.5153333,34.66,2.6
2021-10-10T22:12:45.540Z,18.87866667,-155.5195,34.96,2.92
2021-10-10T22:45:47.790Z,18.88066667,-155.5126667,34.96,3.25
2021-10-10T22:23:15.030Z,18.88183333,-155.5131667,35.68,2.88
2021-10-26T09:38:42.390Z,18.88466667,-155.5171667,35.69,2.73
2021-11-07T11:01:38.620Z,18.8938,-67.963,6,3.57
2021-11-02T08:35:21.420Z,18.9201,-65.25,32,3.38
2021-11-02T07:35:08.660Z,18.9426,-68.5323,73,3.55
2021-11-02T08:59:59.000Z,18.954,-65.3795,33,3.41
2021-10-22T04:34:47.940Z,18.9576664,-155.4753265,-2.089999914,2.5999999
2021-10-26T13:43:10.312Z,18.9616,121.2732,4.92,4.4
2021-10-17T05:59:24.520Z,18.9656,-64.8751,68,3.51
2021-10-17T05:57:17.870Z,18.9856,-65.0121,15,3.47
2021-10-17T06:40:38.360Z,18.9963,-64.9965,26,3.66
2021-11-04T15:46:38.965Z,19.0284,145.0334,564.21,5.3
2021-11-04T15:46:19.885Z,19.0289,145.1219,534.46,4.4
2021-10-25T07:13:39.640Z,19.037,-67.1348,15,3.26
2021-10-18T02:48:42.310Z,19.1146,-66.5351,22,3.55
2021-10-16T23:14:19.340Z,19.1243,-67.7496,56,3.62
2021-10-16T02:25:59.330Z,19.1295,-66.529,40,3.46
2021-11-01T10:02:58.880Z,19.1395,-67.6801,24,3.33
2021-10-24T18:11:02.270Z,19.14466667,-155.4545,34.09,2.68
2021-10-13T02:44:16.750Z,19.1508,-66.0995,18,3.28
2021-10-28T00:24:53.620Z,19.1525,-66.555,10,3.05
2021-10-24T18:15:45.350Z,19.15316667,-155.4791667,33.19,2.95
2021-10-10T09:31:50.850Z,19.156,-155.481,33.22,2.76
2021-10-18T08:28:33.980Z,19.15683333,-155.5018333,32.33,2.68
2021-10-17T00:08:03.330Z,19.15683333,-155.5011667,32.13,2.95
2021-10-26T06:35:19.250Z,19.15683365,-155.4966736,33.88000107,2.57999992
2021-10-12T00:00:19.430Z,19.15816667,-155.4798333,32.61,2.59
2021-10-16T23:35:52.540Z,19.16,-155.4696667,33.13,2.99
2021-11-03T03:07:50.970Z,19.1605,-155.4905,35.13,3.37
2021-11-01T08:15:47.700Z,19.16166667,-155.4573333,31.39,2.84
2021-10-27T09:46:52.350Z,19.16366667,-155.502,36.97,2.66
2021-11-04T13:49:07.590Z,19.16533333,-155.477,35.35,2.57
2021-10-10T00:49:32.350Z,19.1658,-65.8736,8,3.28
2021-11-01T14:18:35.160Z,19.16583333,-155.4886667,36.29,2.82
2021-11-06T11:17:17.900Z,19.16716667,-155.4916667,34.9,2.5
2021-10-26T12:24:42.810Z,19.1675,-155.494,31.93,2.53
2021-11-02T12:27:23.130Z,19.16766667,-155.4746667,31.29,3.24
2021-11-07T18:44:30.790Z,19.16900063,-155.3769989,-1.210000038,2.54
2021-10-10T16:36:42.730Z,19.17,-155.094,51.89,2.62
2021-10-12T16:35:59.490Z,19.1715,-155.4841667,35.84,2.97
2021-11-09T00:25:22.870Z,19.17166667,-155.4723333,31.72,3.23
2021-10-11T01:29:15.710Z,19.1725,-155.4918333,31.67,2.95
2021-10-16T08:50:31.800Z,19.1746,-64.247,24,3.66
2021-10-18T05:34:58.350Z,19.1755,-155.507,36.57,3.15
2021-11-01T21:03:24.900Z,19.17766667,-155.4761667,35.6,2.96
2021-11-05T06:19:24.100Z,19.1785,-155.4693333,35.44,2.64
2021-11-01T05:35:14.130Z,19.18016667,-155.4745,35.39,2.82
2021-10-26T20:25:09.670Z,19.182,-155.2453333,46.64,2.58
2021-10-19T02:22:35.900Z,19.1838,-66.5426,21,3.35
2021-10-29T19:18:16.320Z,19.184,-155.4815,37.18,2.6
2021-10-22T04:34:44.430Z,19.1845,-155.4818333,38.28,2.89
2021-10-29T04:47:19.780Z,19.18583333,-155.4735,36.09,2.68
2021-11-04T09:28:19.000Z,19.186,-155.4738333,34.88,2.76
2021-10-28T00:00:40.310Z,19.1863,-66.5375,13,2.99
2021-11-05T17:55:53.460Z,19.18666667,-155.471,37.53,2.73
2021-10-17T15:52:11.020Z,19.18716667,-155.4835,38.36,3.86
2021-10-13T13:43:28.830Z,19.19033333,-155.7025,1.06,2.73
2021-10-31T14:40:56.850Z,19.19133333,-155.472,35.2,3.35
2021-11-07T23:20:01.970Z,19.19400024,-155.4064941,33.15000153,2.52
2021-10-27T19:44:39.560Z,19.19416667,-155.4841667,32.61,2.89
2021-10-26T20:26:54.750Z,19.19466667,-155.2306667,45,2.71
2021-10-17T22:58:40.990Z,19.1995,-155.4353333,35.33,3.29
2021-10-10T23:06:08.040Z,19.20066667,-155.4406667,33.81,2.52
2021-11-01T06:59:17.110Z,19.2075,-155.4025,33.14,3.27
2021-10-15T10:03:13.790Z,19.20783333,-155.3835,31.39,3.6
2021-10-18T18:12:52.790Z,19.2145,-155.405,32.84,2.9
2021-11-05T09:26:59.470Z,19.21466667,-155.4133333,33.39,2.56
2021-10-31T23:12:16.450Z,19.215,-155.4108333,33.22,3.06
2021-11-05T02:19:27.830Z,19.21516667,-155.4091667,32.7,2.8
2021-11-01T01:13:11.220Z,19.21583333,-155.4113333,33.25,2.94
2021-10-11T08:00:11.840Z,19.21916667,-155.4153333,35.49,3.05
2021-10-18T22:11:35.620Z,19.2195,-155.4091667,33.65,2.75
2021-11-09T06:39:56.410Z,19.21983337,-155.4185028,32.97999954,2.83
2021-10-17T03:41:52.040Z,19.22033333,-155.4426667,-0.18,3.17
2021-11-07T09:36:13.030Z,19.23166667,-155.4025,33.04,2.81
2021-11-06T16:35:44.460Z,19.23450089,-155.385498,30.59000015,2.53
2021-10-30T17:09:54.780Z,19.23533333,-155.4031667,32.55,3.01
2021-11-07T18:44:43.480Z,19.23583412,-155.3901672,32,2.54
2021-11-06T01:20:32.700Z,19.23633333,-155.3998333,32.32,2.64
2021-10-31T09:40:07.380Z,19.2385,-155.434,33.81,2.82
2021-10-19T07:40:34.990Z,19.2456,-67.2483,10,3.55
2021-10-30T16:11:37.090Z,19.25516667,-156.3445,37.19,3.17
2021-10-13T02:22:46.220Z,19.264,-65.713,41,3.45
2021-10-25T07:14:44.450Z,19.2651,-67.2948,18,3.73
2021-10-19T01:12:37.040Z,19.2845,-65.0668,40,3.74
2021-10-15T19:54:58.700Z,19.2955,-65.1578,10,3.57
2021-10-31T04:21:41.900Z,19.2975,-64.556,26,3.75
2021-10-25T15:46:42.805Z,19.2989,144.4314,10,4.7
2021-11-03T13:02:51.470Z,19.3033,-65.0796,62,3.7
2021-10-21T17:28:38.740Z,19.32083333,-155.1883333,1.64,2.98
2021-10-13T15:50:34.780Z,19.32933333,-155.1155,3.95,2.77
2021-10-22T21:30:17.520Z,19.333,-67.9521,10,3.73
2021-11-08T07:53:38.650Z,19.3395,-155.3198333,26.97,2.95
2021-10-25T15:32:18.030Z,19.347,144.6251,10,5.1
2021-10-31T07:14:42.550Z,19.3558,-64.7218,18,4
2021-10-31T05:16:40.040Z,19.3558,-64.5185,25,3.83
2021-10-23T15:23:51.260Z,19.3605,-155.471,8.53,3.19
2021-10-15T01:51:37.880Z,19.3691,-64.3513,33,3.97
2021-10-26T09:16:42.610Z,19.3871,-64.8796,34,3.62
2021-11-06T08:15:29.140Z,19.38816667,-155.4565,8.49,2.98
2021-10-19T22:28:42.380Z,19.438,-67.0681,11,2.98
2021-11-03T15:11:25.160Z,19.47866667,-155.7001667,6.98,2.6
2021-11-02T23:21:52.446Z,19.4893,-109.0715,10,4.3
2021-10-31T03:04:55.304Z,19.5474,101.2802,10,4.6
2021-10-23T03:16:43.690Z,19.5631,-66.1645,13,3.65
2021-11-01T20:26:24.040Z,19.5855,-63.5216,43,4.05
2021-10-29T19:03:29.252Z,19.5871,101.3199,15.02,4.4
2021-10-22T04:23:52.000Z,19.6545,-68.8105,42,2.92
2021-10-24T05:23:01.200Z,19.70549965,-155.7226715,94.77999878,2.68000007
2021-10-19T11:23:38.902Z,19.8706,-157.6435,15.4,3.2
2021-10-18T08:56:34.970Z,19.904,-156.8335,7.46,3.64
2021-11-01T19:53:54.230Z,19.9966,-65.258,35,3.71
2021-10-18T12:57:43.550Z,20.01866667,-156.065,7.1,2.68
2021-10-21T18:00:20.809Z,20.0936,121.5155,32.07,4.4
2021-10-30T16:09:37.924Z,20.6483,121.2917,34.82,4.7
2021-10-29T11:54:38.225Z,21.0783,145.3232,35,4.6
2021-10-16T15:35:02.553Z,21.1965,121.1064,10,4.8
2021-10-12T09:06:41.839Z,21.461,143.9764,10,4.1
2021-10-20T03:28:34.505Z,21.8424,144.4228,88.43,4.8
2021-10-31T19:18:42.555Z,22.2682,143.4739,136.39,4.2
2021-10-18T15:48:34.454Z,22.4406,143.0569,167.9,4.3
2021-10-19T00:44:09.237Z,22.5257,92.7906,35,4.8
2021-10-24T18:17:19.692Z,22.6829,120.3037,10,4.4
2021-11-09T18:24:14.486Z,23.9958,122.3123,27.65,4.8
2021-10-23T03:16:01.816Z,24.0245,121.785,10,5.1
2021-10-18T05:49:18.230Z,24.2087,121.6783,35.61,4.8
2021-11-06T13:09:16.515Z,24.2243,94.8334,107.01,4.4
2021-11-04T09:45:40.820Z,24.2538,68.412,10,4.9
2021-10-16T01:46:25.233Z,24.3171,93.8462,45.78,4
2021-10-24T05:11:34.344Z,24.5714,121.8303,64.52,6.2
2021-11-08T02:18:33.296Z,24.7275,95.2339,118.09,4.5
2021-10-10T15:22:41.136Z,25.2297,124.7191,89.28,4.4
2021-11-09T04:17:23.277Z,25.4273,94.8924,66.89,4.3
2021-10-12T03:35:43.146Z,25.4592,126.5228,27.34,4.9
2021-11-05T20:56:42.160Z,26.2457,128.6668,12.5,4.1
2021-10-26T05:38:19.990Z,26.3634,140.6841,488.59,4.2
2021-11-02T13:29:31.927Z,26.6453,96.7986,10,4.8
2021-11-07T16:20:46.577Z,27.3029,88.797,10,4.6
2021-10-10T16:11:25.699Z,27.4482,55.2274,10,4.7
2021-10-17T06:28:27.258Z,27.6292,140.3275,484.2,4
2021-10-13T23:43:57.425Z,27.681,140.669,10,4.6
2021-10-21T06:05:11.184Z,27.7052,58.3722,10,4.9
2021-11-08T16:27:20.875Z,27.7409,139.9831,499.27,4.1
2021-10-31T13:02:22.288Z,27.8329,139.8136,480.54,4.2
2021-10-18T08:01:38.129Z,27.9554,85.8716,10,4.3
2021-11-03T12:01:56.381Z,28.1701,127.6382,186.48,4.5
2021-10-19T22:20:53.881Z,28.2915,142.8557,10,4.3
2021-10-30T13:09:25.388Z,28.3618,65.8332,10,4.2
2021-10-31T00:46:33.071Z,28.47564697,-100.2852711,3.448120117,3.3
2021-10-26T16:25:33.055Z,28.4947,-17.8688,10,4.6
2021-10-25T01:06:48.465Z,28.6826,138.2171,519.53,4.4
2021-10-17T21:59:51.077Z,28.7036,138.1975,506.54,5.4
2021-10-18T10:32:14.377Z,28.7052,87.2852,10,4.7
2021-10-17T01:12:40.867Z,28.7103,138.1871,525.99,4.8
2021-11-05T01:48:31.990Z,28.8149,87.4331,10,5
2021-11-06T00:44:53.651Z,28.94805908,-98.3537454,4.915405273,2.7
2021-10-29T21:47:49.597Z,28.96087646,-97.6216682,9.072713216,2.5
2021-10-13T06:43:46.539Z,28.9613,131.4977,36.81,4.4
2021-10-18T00:37:01.279Z,29.2518,104.1048,10,4.6
2021-11-02T22:23:04.000Z,29.2959,143.293,10,4.2
2021-10-10T11:41:28.375Z,29.33258057,-97.37971048,3.888305664,2.5
2021-10-10T17:25:28.049Z,29.33441162,-97.37764246,6.333780924,2.5
2021-10-11T03:53:41.602Z,29.36737061,-97.37971048,2.518839518,2.6
2021-10-17T02:32:06.430Z,29.4073,130.7267,20.69,5.1
2021-10-25T06:44:41.136Z,29.4171,142.2177,10,4.2
2021-10-17T05:16:01.230Z,29.4309,130.7187,36.08,4.5
2021-11-05T11:18:40.797Z,29.7102,-113.825,10,4.3
2021-11-03T22:49:40.675Z,29.7451,-113.8536,10,4.3
2021-11-06T06:19:36.632Z,29.8844,-113.9053,10,4.3
2021-10-17T21:56:32.119Z,29.9239,68.2868,21.86,4.4
2021-11-03T16:10:38.716Z,29.9614,-113.6855,10,4.5
2021-11-05T14:08:05.831Z,30.0087,-113.9223,10,4.5
2021-10-10T15:02:41.359Z,30.0547,67.9369,10,4.5
2021-10-12T03:19:00.613Z,30.1378,142.8267,10,5.2
2021-10-10T01:48:57.659Z,30.3748,94.8352,31.58,4.7
2021-10-10T16:29:40.747Z,30.3872,94.7873,10,4.7
2021-10-12T00:31:54.076Z,30.405,94.6879,10,4.6
2021-10-13T04:58:35.007Z,30.6667,138.6685,386.29,4.1
2021-11-05T20:18:26.857Z,30.6776,-112.8076,10,4.6
2021-10-12T13:24:13.473Z,30.976,-41.355,10,4.6
2021-10-16T11:46:02.297Z,30.9881,56.4143,10,4.8
2021-11-03T15:50:24.790Z,31.03909787,-103.3145455,5.797363281,2.5
2021-11-09T09:38:07.137Z,31.1500458,-103.2925777,3.715014648,2.5
2021-11-09T13:36:59.140Z,31.16196437,-103.2780887,3.046606445,2.5
2021-10-21T05:49:40.460Z,31.3518333,-114.3585,13.69,4
2021-11-09T13:16:28.190Z,31.4736667,-115.6675,11.08,2.62
2021-10-18T08:07:22.450Z,31.55776587,-104.1535275,7.494091797,3.5
2021-10-18T08:08:29.245Z,31.55961406,-104.1513886,6.157275391,3.2
2021-11-01T18:48:08.218Z,31.59513341,-104.0042391,8.213916016,2.6
2021-10-24T14:26:21.574Z,31.59582186,-104.0045113,7.674047852,3.1
2021-10-10T13:17:14.213Z,31.60533424,-104.5013316,8.522412109,3.8
2021-10-28T17:26:05.663Z,31.61512684,-104.1218823,7.10847168,2.5
2021-10-22T02:39:48.791Z,31.64950218,-104.2372595,7.211303711,2.5
2021-10-18T00:27:33.841Z,31.65633444,-104.5642811,6.979931641,2.9
2021-10-23T08:00:21.930Z,31.65661624,-104.4305338,6.234399414,2.7
2021-10-12T03:32:09.337Z,31.65968688,-104.4846563,6.465771484,2.6
2021-10-22T23:55:22.187Z,31.66030001,-104.4294917,6.182983398,3.4
2021-10-20T08:03:26.433Z,31.66177696,-104.342308,6.131567383,2.9
2021-11-05T10:45:01.284Z,31.66197372,-104.5481939,7.596923828,2.5
2021-10-16T22:34:15.857Z,31.66371444,-104.3635857,7.031347656,2.6
2021-10-27T17:17:53.666Z,31.67041333,-104.3943269,7.494091797,2.8
2021-10-21T15:33:13.272Z,31.67072425,-104.3816795,6.74855957,3.2
2021-10-31T05:14:47.196Z,31.67113217,-104.3897577,7.10847168,2.6
2021-11-08T21:05:27.010Z,31.67129056,-104.4007945,7.494091797,2.5
2021-10-12T05:59:12.871Z,31.67458066,-104.3895193,7.442675781,3
2021-10-21T11:31:54.726Z,31.67561951,-104.4064861,7.159887695,3.2
2021-10-14T23:22:31.259Z,31.67586515,-104.4040658,7.494091797,2.7
2021-10-29T14:00:32.925Z,31.67924459,-104.3028856,7.391259766,2.5
2021-11-02T23:34:34.447Z,31.67986221,-104.4587458,6.080151367,2.6
2021-10-29T11:29:00.027Z,31.68385269,-104.3007688,7.596923828,2.7
2021-10-11T22:49:02.821Z,31.68498564,-104.4149163,7.391259766,2.7
2021-10-27T03:34:43.308Z,31.6974781,-104.1544168,7.596923828,2.9
2021-10-18T04:14:41.489Z,31.70739361,-104.0352,8.033959961,2.6
2021-10-17T19:00:11.091Z,31.7083597,-104.0222806,7.725463867,3.4
2021-10-19T23:32:18.192Z,31.71298043,-104.0153025,7.725463867,2.8
2021-10-17T16:58:41.337Z,31.71388242,-104.0201538,7.622631836,2.9
2021-10-19T22:09:26.339Z,31.71574552,-104.0131618,7.416967773,2.9
2021-10-21T17:56:08.972Z,31.77378534,-104.5903393,3.997802734,3.2
2021-10-10T01:18:10.380Z,31.7978333,-116.0445,5.75,2.54
2021-10-26T21:54:36.808Z,31.92901611,-102.3314834,8.387980143,3.4
2021-10-26T22:03:00.160Z,31.93084717,-102.3336271,8.387980143,3.6
2021-10-27T21:04:23.782Z,31.94274902,-102.3282679,7.776611328,3.2
2021-10-14T22:05:10.840Z,31.99008647,-103.8697442,7.519799805,3.3
2021-11-09T10:57:27.929Z,31.9988,78.5637,10,4.5
2021-10-30T16:00:31.717Z,32.03979492,-102.2832508,7.727701823,2.6
2021-10-23T02:56:39.830Z,32.0458333,-117.4516667,5.95,3.6
2021-10-23T11:27:17.810Z,32.0555,-117.4541667,5.91,2.85
2021-10-21T08:36:47.362Z,32.1004,138.2208,335.52,5.5
2021-11-07T05:11:24.817Z,32.1268,142.6049,10,4.4
2021-11-03T02:11:12.210Z,32.2621667,-115.2611667,22.15,2.84
2021-10-10T21:52:04.961Z,32.29,49.6449,10,4.5
2021-10-31T22:15:22.304Z,32.31719971,-101.6262147,7.165242513,2.9
2021-10-30T09:55:21.266Z,32.37945557,-101.6176401,4.817586263,2.7
2021-10-27T09:14:09.692Z,32.394104,-101.6326458,11.12691243,2.9
2021-10-13T17:00:49.084Z,32.4545,133.1539,12.63,4.6
2021-11-01T19:19:32.740Z,32.5808333,-117.8613333,5.95,2.6
2021-10-25T02:20:02.050Z,32.7145,-117.5916667,18.01,2.71
2021-10-25T23:37:57.055Z,32.77862549,-100.6637052,1.393920898,2.7
2021-11-05T16:38:39.180Z,32.8538333,-118.4495,3.08,3.06
2021-11-07T06:12:40.594Z,32.9379,-88.0304,5.34,2.5
2021-10-24T06:49:12.020Z,32.9675,-115.876,11.15,3.55
2021-10-23T16:12:50.530Z,33.1585,-115.9545,8.77,2.67
2021-10-26T00:32:08.893Z,33.2123,76.8049,10,4.6
2021-10-31T20:35:41.178Z,33.3781,135.5757,12.51,5.1
2021-10-19T19:11:10.090Z,33.6611667,-116.7676667,13.84,2.78
2021-11-05T04:55:56.513Z,33.7615,137.4822,343.83,4.9
2021-10-14T00:04:19.798Z,33.8069,91.9404,10,4.3
2021-10-12T19:50:15.150Z,33.8738333,-119.3443333,5.91,3.25
2021-10-11T12:50:35.983Z,34.003,25.8716,10,4.3
2021-10-24T14:01:02.280Z,34.0168333,-118.1973333,17.15,3.61
2021-10-26T20:55:53.020Z,34.0198333,-118.9645,15.38,2.57
2021-10-26T07:08:41.690Z,34.0335,-116.9793333,20.39,2.53
2021-10-11T14:43:20.315Z,34.1319,26.0136,10,4.4
2021-10-19T05:32:32.668Z,34.5883,28.3882,41.53,5.9
2021-11-04T19:26:08.980Z,34.658,-94.3715,16.66,2.7
2021-10-12T09:36:26.949Z,34.8373,26.3556,10,4.4
2021-10-15T23:25:42.526Z,34.8736,26.3494,10,4.2
2021-10-26T19:45:24.864Z,34.9711,23.2493,10,4.1
2021-11-02T09:14:49.384Z,34.9928,26.2579,10,4.1
2021-10-30T01:38:09.324Z,35.0575,25.156,10,4
2021-10-20T02:44:05.021Z,35.0575,25.2573,11.01,4.4
2021-10-21T09:38:39.824Z,35.0631,25.2178,10,4.6
2021-11-03T01:17:08.410Z,35.0821667,-116.693,10.54,2.56
2021-10-22T10:11:31.119Z,35.0853,25.2029,10,4.5
2021-11-07T19:08:53.939Z,35.106,-95.39033333,6.91,2.52
2021-10-22T17:12:50.566Z,35.1289,25.2958,10,4.3
2021-10-21T08:12:57.510Z,35.191,25.2537,10,4.8
2021-10-12T09:24:03.839Z,35.1931,26.2556,10,6.4
2021-10-31T14:02:49.390Z,35.3576,139.5496,81.22,4.5
2021-10-23T19:54:01.108Z,35.3958,-3.4733,10,4.2
2021-10-16T04:20:19.830Z,35.4463333,-118.2773333,6.87,2.61
2021-11-03T15:09:45.294Z,35.4853,23.0381,35,4.3
2021-11-07T07:58:28.620Z,35.5058333,-118.3856667,6.45,2.64
2021-10-24T17:55:10.730Z,35.518,-83.9618333,7.62,2.72
2021-10-28T23:59:22.708Z,35.5746,140.1072,53.41,4.6
2021-10-11T23:14:47.140Z,35.658,-117.5356667,7.73,3.08
2021-11-05T12:03:13.550Z,35.6648333,-117.4856667,10.73,3.36
2021-10-25T23:49:36.100Z,35.7688333,-121.3038333,6.46,3.53
2021-10-25T23:42:35.860Z,35.7758333,-121.3043333,7.79,4.65
2021-11-09T12:18:32.350Z,35.8378333,-117.666,5.04,2.76
2021-11-07T05:03:02.277Z,35.8652,70.7477,93.44,4.2
2021-11-09T16:15:09.550Z,35.87,-117.6983333,8.83,2.54
2021-10-26T19:47:08.380Z,35.941,-117.3195,1.61,2.67
2021-10-26T04:38:49.060Z,36.021,-117.777,1.81,2.68
2021-11-02T15:00:11.748Z,36.0259,143.0997,10,4.6
2021-10-28T00:55:29.417Z,36.0429,139.8833,50.3,4.4
2021-10-13T18:22:51.183Z,36.063,21.7265,10,4.4
2021-10-26T15:28:08.820Z,36.1156667,-89.7428333,6.75,2.79
2021-10-17T20:11:58.726Z,36.1397,70.7078,93.18,4.5
2021-11-08T23:23:22.650Z,36.1585,-89.6883333,7.52,2.59
2021-10-18T09:45:06.480Z,36.1858333,-120.3091667,10.36,3.44
2021-10-18T09:42:15.540Z,36.196,-120.3048333,10.33,2.76
2021-10-18T00:41:49.100Z,36.2098333,-117.856,4.61,2.51
2021-10-17T21:41:06.920Z,36.213,-117.8613333,4.1,2.69
2021-10-17T13:19:00.720Z,36.2131667,-117.86,4.19,3.98
2021-10-20T01:15:34.830Z,36.2158333,-117.8601667,4.9,2.89
2021-11-07T18:08:32.197Z,36.2202,140.0225,61.39,4.4
2021-10-29T15:24:10.250Z,36.221,-117.8781667,1.91,3.01
2021-10-16T10:09:32.560Z,36.2285,-106.7745,4.01,2.7
2021-10-17T01:08:19.033Z,36.2576,-106.7792,5,2.5
2021-10-20T09:31:36.768Z,36.3213,69.808,129.91,4.3
2021-11-05T00:55:25.199Z,36.36583333,-97.345,5.81,2.79
2021-10-31T21:14:47.218Z,36.4665,140.6005,52.43,5.1
2021-11-08T21:36:12.970Z,36.4760017,-121.055336,8.12,2.55
2021-10-25T14:05:33.281Z,36.4917,70.2839,218.65,4
2021-10-31T05:28:48.066Z,36.494,71.1365,236.32,4.1
2021-10-10T11:39:34.566Z,36.5138,70.8503,193.76,4.3
2021-10-30T00:18:56.480Z,36.5378342,-119.2064972,25.79,2.75
2021-10-28T15:26:26.405Z,36.6051,71.3417,130.18,4.2
2021-11-09T14:25:42.414Z,36.6288,71.1367,201.48,4.4
2021-10-20T08:57:15.880Z,36.6708333,-121.3173333,6.52,3.73
2021-10-20T08:52:50.670Z,36.6796667,-121.3088333,5.24,2.73
2021-10-29T21:21:09.140Z,36.69133333,-97.68666667,7.37,3.01
2021-11-06T05:49:24.707Z,36.7328,-105.0002,5,2.6
2021-11-01T03:09:15.401Z,36.7422,-104.9365,5.36,4
2021-11-01T02:11:50.962Z,36.7539,-104.9197,5,3.2
2021-10-18T10:14:20.510Z,36.8146667,-121.5498333,6.79,2.89
2021-10-26T10:29:59.835Z,36.8871,-82.9648,0,3.4
2021-10-25T14:47:20.837Z,36.9327,66.6992,18.88,4.4
2021-11-08T10:10:15.230Z,36.95866667,-98.08566667,5,2.66
2021-11-03T02:35:56.282Z,37.0394,141.3118,48.91,4.6
2021-10-18T07:36:12.960Z,37.0533333,-117.9296667,1.77,2.51
2021-11-03T04:29:45.473Z,37.0668,71.2043,113.76,4.3
2021-11-08T16:15:02.908Z,37.1128,140.4117,47.69,4.7
2021-10-26T16:40:11.784Z,37.1967,142.4328,31.88,4.5
2021-10-11T13:13:08.817Z,37.1971,56.5032,10,4.2
2021-10-21T22:35:35.560Z,37.2191658,-119.2789993,8.26,2.76
2021-10-26T16:27:55.146Z,37.2597,142.2418,22.51,4.9
2021-11-08T09:15:30.227Z,37.2915,-117.4805,5.1,2.7
2021-10-26T06:55:52.180Z,37.3858333,-121.739,6.64,2.6
2021-11-07T19:44:20.440Z,37.4076653,-118.5169983,6.94,2.85
2021-10-11T20:38:55.100Z,37.4445,-118.5426667,10.19,2.71
2021-10-16T22:55:40.090Z,37.4945,-118.7495,14.02,2.76
2021-10-17T02:55:02.370Z,37.5491667,-121.6998333,3.39,2.83
2021-10-22T21:14:19.670Z,37.5855,-118.732,8.93,3.38
2021-10-22T02:30:17.310Z,37.5878333,-118.7328333,8.81,3.26
2021-10-24T22:33:12.007Z,37.6489,-97.2764,6.54,2.5
2021-10-18T07:21:22.776Z,37.7497,72.259,124.92,4.3
2021-10-28T14:47:54.451Z,37.7506,141.7884,60.52,4.3
2021-11-08T17:43:21.946Z,37.8505,32.1712,10,5.1
2021-11-05T04:46:44.420Z,37.9091667,-122.2916667,5.01,2.65
2021-10-23T13:34:45.010Z,37.9861667,-122.2555,10.3,2.75
2021-10-17T21:03:12.017Z,38.0438,74.4948,190.19,4.1
2021-10-20T00:18:08.890Z,38.0613333,-118.7415,8.68,2.55
2021-11-08T19:35:28.084Z,38.1025,93.7149,10,4.4
2021-11-03T20:25:34.800Z,38.1213,-118.041,3.3,2.8
2021-10-16T06:31:50.897Z,38.1314,-117.9823,9.7,2.9
2021-10-26T01:28:20.269Z,38.132,-117.979,11.2,2.8
2021-10-15T12:36:04.947Z,38.1348,-117.9846,9,3.7
2021-10-25T12:52:31.723Z,38.1366,23.8576,10,2.6
2021-11-08T05:24:46.916Z,38.1448,-118.2335,8.3,3.2
2021-10-12T08:28:37.959Z,38.1602,-117.901,10.3,3.5
2021-10-12T16:53:58.252Z,38.171,-117.8477,9.8,2.9
2021-10-21T17:46:06.757Z,38.1734,72.9929,58.95,4.2
2021-10-27T10:21:40.732Z,38.1898,72.7715,122,4.2
2021-10-23T21:12:55.410Z,38.1965,-117.8896,8.1,2.9
2021-10-25T17:52:47.640Z,38.2301667,-112.6911667,0.55,3.02
2021-10-24T07:07:52.030Z,38.2346667,-112.6866667,7.13,3.29
2021-10-18T02:01:23.240Z,38.2759,141.5402,71.21,4.6
2021-11-06T00:08:47.085Z,38.2859,140.6879,97.2,4.4
2021-11-01T15:36:54.716Z,38.3353,74.0881,141.13,4.4
2021-10-27T16:19:27.180Z,38.5156667,-119.5305,4.61,2.84
2021-10-18T10:13:44.920Z,38.5316667,-119.4101667,2.08,2.58
2021-10-25T22:17:18.670Z,38.5443333,-119.5298333,4.64,2.78
2021-10-26T11:29:20.770Z,38.545,-119.5303333,4.33,2.68
2021-10-25T22:17:32.490Z,38.5453333,-119.5311667,4.18,2.86
2021-10-16T21:10:18.570Z,38.5495,-119.5253333,4.44,2.52
2021-10-27T21:38:28.090Z,38.5818,31.6373,10,4
2021-10-20T15:05:47.709Z,38.6076,43.3512,10,4.4
2021-10-10T15:44:31.579Z,38.6105,43.1477,10,4.4
2021-11-03T21:12:35.099Z,38.6637,-97.4746,1.19,2.9
2021-11-09T12:19:05.933Z,38.667,-97.4726,3.27,3
2021-10-20T14:59:06.703Z,38.6719,43.0894,10,4.2
2021-11-08T06:46:26.725Z,38.6766,-97.4495,5,2.5
2021-11-08T06:20:57.279Z,38.6771,-97.4843,5,2.6
2021-10-26T18:38:51.780Z,38.7613333,-122.7086667,1.26,2.9
2021-10-10T04:38:02.040Z,38.7858333,-122.766,1.66,2.59
2021-10-20T04:05:04.280Z,38.7878333,-122.7601667,1.51,3.13
2021-10-20T05:20:51.670Z,38.7928333,-122.816,3.41,2.73
2021-10-13T21:41:33.990Z,38.8086667,-122.8123333,1.79,2.59
2021-10-23T01:17:20.674Z,38.8202,20.5464,10,4.1
2021-10-24T04:09:22.590Z,38.8238333,-122.8545,2.69,2.59
2021-10-24T03:53:39.750Z,38.8253333,-122.8556667,2.88,2.77
2021-10-23T04:26:26.860Z,38.8283333,-122.8016667,2.16,2.93
2021-10-23T04:28:00.390Z,38.829,-122.802,2.17,2.69
2021-11-05T06:59:07.830Z,38.833168,-122.8101654,1.71,2.75
2021-11-05T06:59:01.330Z,38.8333321,-122.8121643,1.84,2.96
2021-10-24T11:10:51.640Z,38.8351667,-122.8071667,2.51,2.61
2021-10-12T16:23:39.551Z,38.8599,-97.3138,5,2.5
2021-10-15T19:54:07.920Z,38.9293333,-123.0351667,4.42,2.97
2021-11-08T11:37:58.127Z,38.9691,-118.1516,5.4,2.7
2021-10-15T00:04:32.500Z,39.0756,-115.6637,10,3.6
2021-10-28T06:07:14.398Z,39.2542,-99.495,10,2.7
2021-11-03T10:10:47.552Z,39.287,-99.529,5,2.7
2021-10-22T11:29:38.780Z,39.4346667,-111.9605,7.12,3.24
2021-11-09T13:07:31.433Z,39.5092,-114.9011,12.7,2.8
2021-10-23T21:46:28.260Z,39.5631667,-120.3128333,5.98,3.13
2021-10-12T11:30:36.759Z,39.564,142.5149,35,4.1
2021-10-17T16:50:32.230Z,39.7918333,-121.9966667,16.72,2.9
2021-11-04T00:24:34.080Z,39.8938333,-123.4245,7.43,4.08
2021-10-27T20:53:56.077Z,39.9387,141.6147,72.38,4.2
2021-10-29T22:26:38.050Z,39.9493333,-120.8438333,5.41,2.71
2021-11-07T12:44:30.590Z,40.2686,142.273,58.9,4.4
2021-10-12T11:29:05.580Z,40.2886667,-124.4941667,20.61,3.84
2021-10-21T13:10:56.720Z,40.2911667,-124.5481667,20.1,2.93
2021-11-01T13:48:41.891Z,40.3285,77.3144,10,4.6
2021-11-03T00:24:51.300Z,40.363,-124.2553333,29.6,4.38
2021-11-09T19:48:30.960Z,40.3656654,-124.2371674,24.84,2.83
2021-11-08T05:48:48.260Z,40.3759995,-125.0865021,21.99,2.82
2021-11-03T01:33:17.220Z,40.3781662,-124.2366638,27.77,3.37
2021-10-20T19:27:05.940Z,40.5938333,-124.9261667,24.58,2.65
2021-11-02T02:30:52.438Z,40.6111,-115.1616,14.1,2.7
2021-10-31T23:27:25.244Z,40.6211,141.7102,90.56,4.2
2021-10-18T21:59:41.575Z,40.8185,-126.3132,10,3.2
2021-10-17T15:49:31.360Z,40.9682,142.1452,67.87,4.8
2021-11-07T19:22:20.487Z,41.0692,141.9184,66.63,4.5
2021-10-28T15:39:57.165Z,41.0794,-125.7389,10,2.6
2021-10-24T17:04:47.455Z,41.1087,44.0221,16.08,4.2
2021-10-19T12:44:47.900Z,41.4511,142.9168,41.17,4.3
2021-10-19T22:10:47.878Z,41.5049,143.0525,36.35,4.5
2021-10-29T06:10:34.595Z,41.5128,20.3157,10,4.7
2021-11-03T13:37:07.083Z,41.5428,-118.7682,14.1,3
2021-10-29T10:23:29.036Z,41.5574,20.2456,10,4
2021-10-19T12:36:38.091Z,41.558,142.8235,31.67,5.3
2021-10-19T15:18:19.509Z,41.6475,142.7875,51.73,4.5
2021-10-17T20:13:29.706Z,41.781,19.6552,10,4.4
2021-10-31T01:49:49.208Z,41.9006,-125.3578,10,2.7
2021-10-13T06:02:40.893Z,41.9076,83.6657,10,4.4
2021-11-07T00:42:24.010Z,41.9259987,-121.9638367,2.77,2.58
2021-10-23T15:59:37.664Z,42.2022,-126.5945,10,3.1
2021-11-05T21:20:24.175Z,42.2774,-126.3305,10,2.9
2021-10-23T09:10:58.328Z,42.3043,-126.1791,10,3.2
2021-10-10T14:16:15.940Z,42.3455,143.0753,61.69,4.9
2021-10-26T17:47:06.176Z,42.4309,84.0356,37.01,4.7
2021-10-21T02:25:59.215Z,42.5175,-111.186,5,2.9
2021-10-21T02:38:50.192Z,42.5358,-111.1792,5,3.4
2021-10-24T12:11:40.803Z,43.1788,-126.3945,10,4.7
2021-10-20T04:45:41.855Z,43.2441,45.5995,10,4.8
2021-10-14T13:33:47.090Z,43.7791667,-107.2478333,16.66,2.82
2021-10-21T00:12:24.081Z,43.8144,84.2395,10,4.6
2021-10-29T10:53:07.792Z,43.8549,12.9702,10,4.2
2021-11-01T12:59:28.122Z,43.9135,-129.913,10,3.3
2021-11-02T23:25:46.418Z,43.9764,20.8848,10,3.9
2021-10-30T08:47:20.712Z,44.0246,148.1128,51.76,4.5
2021-10-13T11:22:49.020Z,44.1617,146.4826,119.93,4.3
2021-10-20T07:25:52.320Z,44.1948,-115.108,10.87,3.1
2021-10-14T21:10:01.745Z,44.2131,120.1714,10,4.4
2021-11-01T06:15:19.385Z,44.2379,-129.8404,10,3.8
2021-10-11T05:45:35.419Z,44.2675,-115.0535,10,2.5
2021-10-29T04:32:11.082Z,44.2769,-7.7724,10,4.1
2021-11-04T06:08:59.963Z,44.2855,-115.157,10,2.6
2021-11-02T00:25:32.034Z,44.2929,-115.0857,10,3
2021-10-11T06:08:15.190Z,44.3035,-115.0992,10,2.7
2021-10-11T06:04:56.160Z,44.3126,-115.1023,10,2.7
2021-10-27T15:52:48.837Z,44.3161,-115.1655,10,3
2021-10-10T19:25:53.268Z,44.3199,-115.2117,10,2.8
2021-11-03T12:09:06.106Z,44.327,-115.3029,10,2.7
2021-10-31T23:00:57.340Z,44.3588333,-115.219,9.65,2.52
2021-10-16T10:32:12.750Z,44.3603333,-114.7823333,7.12,2.58
2021-10-28T15:49:38.588Z,44.4516,-115.2391,21.43,2.6
2021-11-07T20:53:38.330Z,44.4528333,-115.2328333,4.51,2.79
2021-11-04T01:08:41.113Z,44.4669,-115.2508,10,3.3
2021-10-27T11:33:06.994Z,44.4714,-115.2105,10,2.6
2021-10-13T18:43:44.970Z,44.472,-115.2276667,4.93,2.54
2021-11-04T17:51:56.158Z,44.4865,-115.2189,10,2.6
2021-11-08T00:34:28.770Z,44.4871,-115.1701,10,3.2
2021-10-22T11:00:48.536Z,44.5237,-115.2335,5,2.5
2021-10-19T07:00:35.149Z,44.8389,148.8466,72.58,4.3
2021-10-24T01:07:49.293Z,44.9457,148.8728,104.92,4.3
2021-10-16T23:49:46.419Z,45.0789,-114.4686,5,2.6
2021-10-16T02:02:12.947Z,45.8468,149.2681,142.18,4.9
2021-10-29T09:19:22.248Z,46.1048,-112.1672,10,3.4
2021-10-31T19:51:49.728Z,46.2133,143.9095,343.56,4.1
2021-10-16T08:30:51.824Z,46.3031,-116.7,10,2.9
2021-11-06T06:05:26.505Z,46.3705,152.617,36.56,4.7
2021-11-04T08:29:26.550Z,46.76566667,-122.0895,16.11,2.89
2021-11-01T00:33:35.250Z,46.8649,150.2461,183.56,4.3
2021-10-12T14:06:13.132Z,47.1389,153.8876,35,4.6
2021-10-19T04:52:59.356Z,47.7631,-69.8984,15.92,2.7
2021-10-24T03:37:05.189Z,47.9332,-114.0958,5,2.5
2021-10-30T13:03:23.350Z,48.14116667,-121.8666667,15.79,2.84
2021-10-11T23:10:00.514Z,48.2986,153.7482,70,5.8
2021-10-12T14:56:18.917Z,49.2003,-128.1394,10,4.2
2021-10-17T12:05:18.385Z,49.2314,155.9782,54.2,5
2021-10-17T17:39:15.124Z,49.2389,155.957,35,5.2
2021-10-17T15:17:05.894Z,49.2852,155.9014,54.56,4.5
2021-10-17T16:47:57.932Z,49.3056,155.8794,58.7,4.4
2021-10-24T14:05:25.103Z,49.3615,151.395,284.55,4
2021-10-19T14:56:27.202Z,49.7257,-123.6266,5,2.5
2021-10-25T23:39:22.236Z,49.834,155.7368,72.25,4.8
2021-10-28T07:11:45.062Z,49.9947,-178.2552,21,2.8
2021-11-05T15:27:13.978Z,50.0483,156.8582,77.92,4.8
2021-10-19T23:30:05.962Z,50.2508,178.7926,10,4.9
2021-10-18T04:37:31.471Z,50.8274,93.9953,10,4.4
2021-10-29T11:47:10.734Z,51.0409,-178.255,20.82,3.7
2021-10-18T01:08:40.010Z,51.1507,-179.1749,45.57,4.1
2021-10-23T14:16:02.236Z,51.152,97.9311,10,4.2
2021-11-09T03:04:03.321Z,51.172,-174.033,47.8,2.8
2021-10-10T23:04:10.136Z,51.2395,-179.0474,28.18,2.8
2021-10-20T17:10:39.403Z,51.3337,-175.6366,59.6,2.9
2021-10-16T14:11:59.198Z,51.396,-179.2416,32.35,3.2
2021-10-22T23:03:01.937Z,51.4199,91.8033,10,5
2021-11-08T08:04:10.790Z,51.453,-178.753,12.16,2.51
2021-10-29T07:55:18.992Z,51.457,-176.8045,51.85,2.8
2021-10-14T18:31:28.441Z,51.4638,178.8605,68.07,4
2021-10-11T18:25:48.424Z,51.4765,-174.4297,35,4.9
2021-11-04T21:31:01.578Z,51.478,-175.3,35,2.5
2021-10-23T03:10:02.788Z,51.5135,178.8367,53.74,5.1
2021-10-16T04:01:45.498Z,51.5415,16.2012,11.41,4.3
2021-10-14T13:24:55.225Z,51.6301,178.9467,71.15,2.8
2021-10-28T18:38:09.845Z,51.6323,-173.8046,42.09,4
2021-10-17T12:20:53.888Z,51.6574,16.168,9.8,4.2
2021-10-27T11:13:28.075Z,51.6729,174.6697,10,3.9
2021-10-13T20:56:28.172Z,51.7466,176.6123,35,3.9
2021-10-21T18:01:19.975Z,51.7863,178.4456,97.3,4
2021-10-24T04:16:11.695Z,51.8159,176.8274,10,3.6
2021-10-14T21:30:53.681Z,51.841,176.7741,64.69,4.1
2021-10-12T14:12:29.498Z,51.8606,156.9662,129.79,4.5
2021-10-10T10:59:22.663Z,51.8874,-174.983,79.33,4
2021-10-30T18:01:50.299Z,51.9051,176.7517,104.5,3
2021-11-08T10:16:19.919Z,51.9528,-170.5058,35,3.6
2021-10-15T09:35:38.055Z,51.9793,178.4924,113.77,3.9
2021-10-30T15:34:30.559Z,52.0829,-172.7877,68.39,3.9
2021-10-13T21:27:21.930Z,52.1849,-169.3799,35,3.8
2021-10-15T15:13:27.035Z,52.4337,-169.4224,124.53,3.7
2021-10-18T15:21:37.250Z,52.4562,-170.4431,38.74,4.2
2021-11-02T05:08:20.717Z,52.4771,172.5607,35,3.9
2021-10-21T03:23:21.952Z,52.5548,-115.2731,10,4.3
2021-10-30T21:36:18.317Z,52.6237,172.4721,43.04,3.7
2021-10-26T13:07:53.849Z,52.6549,159.2897,64.27,4.5
2021-11-04T08:57:06.817Z,52.7003,-167.9814,35.82,5.2
2021-11-01T01:14:21.909Z,52.7264,159.6091,51.87,4.3
2021-10-28T19:18:37.319Z,52.7755,-168.4062,54.96,3.6
2021-11-05T12:12:14.634Z,52.781,160.6698,41.58,4.6
2021-10-27T22:31:48.111Z,52.7841,-168.1785,41.42,3.9
2021-11-05T12:44:38.463Z,52.7897,161.0616,34.87,4.5
2021-10-12T04:33:02.237Z,52.8075,158.7053,118.22,4.1
2021-10-13T22:17:50.840Z,52.8919,-167.6867,44.86,3.7
2021-11-09T13:07:54.457Z,53.1139,-167.1071,34.2,3.9
2021-11-01T17:07:48.020Z,53.1769,-164.1896,10,4.1
2021-10-16T11:55:49.736Z,53.1984,162.3902,10,4.1
2021-10-11T12:24:45.048Z,53.2084,-159.8208,10,3.3
2021-10-29T06:28:21.979Z,53.3696,-166.7193,34.59,4.4
2021-10-19T11:21:03.275Z,53.3809,-165.0892,35,2.5
2021-10-20T17:10:33.741Z,53.4402,-176.0394,10,3.9
2021-10-27T16:19:50.581Z,53.5594,-171.3594,253.9,3.8
2021-11-06T09:37:23.644Z,53.6824,162.2625,10,4.5
2021-10-27T02:51:35.683Z,53.9426,-163.074,32.05,3.6
2021-10-11T20:35:39.320Z,53.9685,-168.1331,14.78,3.1
2021-10-18T08:24:31.711Z,54.0003,158.6353,171.06,5.3
2021-10-27T11:50:05.143Z,54.1319,-162.5184,38.06,3.7
2021-10-16T07:36:58.413Z,54.1851,-156.1143,10,3.4
2021-10-15T08:18:32.585Z,54.3971,-161.4635,10,3.7
2021-10-10T00:17:49.514Z,54.5574,-157.3356,10,3.3
2021-11-04T23:39:17.970Z,54.5658,-156.7723,37.2,3.3
2021-11-01T02:18:57.312Z,54.5739,162.7327,10,4.3
2021-10-28T02:58:56.291Z,54.5881,-162.1156,31.52,2.6
2021-11-04T19:17:15.340Z,54.7128,-156.8912,0,3.9
2021-10-27T13:56:13.119Z,54.8229,-160.2157,35,3.7
2021-10-31T16:37:46.049Z,54.9255,-158.7303,25,5.6
2021-10-13T11:34:22.467Z,54.9305,-156.2759,10,3.7
2021-10-31T12:18:06.225Z,54.9385,165.7687,37.98,4.5
2021-10-17T19:27:11.506Z,55.0355,-157.5925,24.6,4.3
2021-10-17T19:32:23.192Z,55.0572,-157.5412,19.3,3.1
2021-10-28T19:06:56.883Z,55.1016,-158.8637,31.82,5.1
2021-11-07T17:58:03.624Z,55.1121,-160.3769,58.14,3.5
2021-11-09T08:43:36.632Z,55.1722,-154.9997,19.2,2.8
2021-10-14T02:34:24.185Z,55.1768,-159.3842,35,2.9
2021-10-15T02:50:28.425Z,55.1879,-157.1923,38.3,4
2021-10-21T08:24:43.054Z,55.3342,-155.4245,11,4.2
2021-10-20T09:45:18.519Z,55.4061,-158.6639,27.23,2.9
2021-10-21T03:31:03.710Z,55.448,-131.3201,9.6,2.5
2021-10-13T20:02:02.160Z,55.4864,161.6234,99.7,4
2021-11-01T10:14:43.650Z,55.5049,-155.7934,15,3.8
2021-10-19T02:08:44.529Z,55.8203,-155.5201,15.5,3.4
2021-10-26T07:05:50.631Z,55.8464,113.5363,10,4.5
2021-10-17T17:50:50.158Z,55.8511,113.3817,10,4.6
2021-10-13T15:50:13.563Z,55.8553,-155.7648,14.4,2.5
2021-10-16T12:50:56.358Z,55.8893,113.742,10,4
2021-10-13T01:54:30.991Z,55.8965,-156.2211,47,2.5
2021-11-09T10:07:38.593Z,55.8979,-157.2061,7.5,2.7
2021-10-28T03:32:27.236Z,55.9575,-150.2288,10,3.2
2021-10-16T18:50:12.472Z,56.0172,-149.6666,10,3
2021-10-21T11:56:45.068Z,56.0947,-156.5147,61.8,2.8
2021-11-09T05:57:44.679Z,56.1554,-161.3658,199.07,3.3
2021-10-12T14:14:17.487Z,56.1621,-156.4492,56.6,3
2021-10-11T10:25:35.412Z,56.1985,-156.4667,72.73,3
2021-11-04T06:51:41.286Z,56.2005,-156.767,44.5,3.5
2021-11-09T13:14:48.661Z,56.2066,-156.5402,51.6,2.7
2021-10-22T01:45:04.712Z,56.2076,-149.757,10,2.9
2021-10-15T17:18:07.521Z,56.2259,-156.4406,67.05,3.3
2021-10-15T23:58:26.834Z,56.2382,-156.4472,77.6,2.5
2021-10-19T02:17:00.701Z,56.2457,-149.3674,10,3.7
2021-10-11T14:12:53.807Z,56.2498,-156.5319,65.4,2.6
2021-10-11T09:10:24.682Z,56.2584,-156.5532,69.1,6.9
2021-10-12T04:41:22.300Z,56.2611,-156.655,48.5,3.5
2021-10-12T07:45:29.246Z,56.2663,-156.5332,78.9,2.8
2021-10-12T00:54:12.913Z,56.2674,-156.4817,83.6,3.3
2021-11-04T12:58:20.964Z,56.2732,-156.5376,41.5,3.1
2021-10-11T10:13:09.038Z,56.2744,-156.5252,59.3,3.2
2021-10-14T12:50:51.828Z,56.2789,-156.5792,45.9,2.5
2021-10-22T02:09:49.382Z,56.2789,-154.735,0,2.9
2021-10-11T13:59:31.772Z,56.2795,-156.5721,50.1,3.5
2021-10-11T19:40:25.274Z,56.2823,-156.5443,57.4,4.1
2021-10-16T14:30:12.540Z,56.2828,-156.5109,19.1,2.8
2021-10-19T20:25:53.901Z,56.284,-156.6201,16.7,2.9
2021-10-11T19:35:57.427Z,56.2846,-156.4769,28.6,2.9
2021-10-11T09:28:47.182Z,56.2908,-156.5319,48.6,2.9
2021-10-14T19:01:16.926Z,56.2944,-156.4977,55.71,2.9
2021-10-18T01:34:47.741Z,56.3041,-156.6187,16.6,3
2021-10-16T04:27:34.521Z,56.3049,-156.5195,50.5,2.8
2021-10-11T09:26:21.324Z,56.3101,-156.5352,69.5,3.3
2021-10-11T17:56:24.271Z,56.3127,-156.5448,40.2,3.5
2021-10-14T23:50:09.773Z,56.3141,-156.5766,24.1,3.3
2021-10-29T09:19:04.127Z,56.3312,-149.169,10,4
2021-10-29T21:53:09.144Z,56.3374,-149.9741,10,3.4
2021-10-21T16:37:55.752Z,56.3463,-156.4873,1.7,2.6
2021-10-16T09:21:12.998Z,56.3512,-156.5948,17.6,2.5
2021-10-23T23:02:32.793Z,56.3541,-156.5456,29.4,3.3
2021-10-20T07:09:00.768Z,56.3566,-156.6204,18,2.6
2021-10-11T09:44:39.191Z,56.361,-156.4747,81.9,2.7
2021-10-13T00:23:50.094Z,56.3634,-156.4867,76.2,2.6
2021-10-14T14:09:59.668Z,56.3887,-156.6781,58.1,2.7
2021-10-11T09:30:52.082Z,56.4031,-156.5252,63.3,3.2
2021-10-15T02:45:40.059Z,56.407,-156.515,7.5,2.9
2021-10-12T19:05:07.471Z,56.4201,-156.5063,69.6,3.4
2021-10-12T18:47:57.724Z,56.4618,-156.735,26.1,3
2021-10-31T22:25:46.794Z,56.4969,-149.7503,10,3.1
2021-10-13T14:34:49.039Z,56.5406,-148.7533,10,3
2021-11-05T19:07:07.792Z,56.592,-155.7648,35.02,2.9
2021-10-19T06:51:40.454Z,56.6934,-156.1376,6.8,2.5
2021-10-10T01:21:24.651Z,56.7128,-149.5172,10,3.4
2021-10-19T23:18:14.027Z,56.8273,-155.8092,5.2,2.7
2021-10-26T13:40:49.547Z,56.9817,-157.73,99.29,2.7
2021-10-25T17:39:42.758Z,57.0729,-156.3827,91.3,3.1
2021-10-21T16:57:39.698Z,57.1165,-146.5362,10,3.5
2021-10-10T01:00:28.682Z,57.3342,-156.0804,0,2.9
2021-10-11T12:04:51.180Z,57.3497,-146.1753,10,3.3
2021-10-19T01:02:45.215Z,57.5382,-154.267,35.9,2.8
2021-10-10T16:29:29.527Z,57.6376,-32.6165,10,4.3
2021-10-10T15:54:31.169Z,57.7871,-32.7005,10,4.5
2021-10-10T16:09:35.266Z,57.8576,-32.7378,10,4.8
2021-10-27T02:42:31.671Z,57.8979,153.0993,10,5.3
2021-10-11T00:16:10.014Z,58.1154,-154.6722,8.5,2.8
2021-11-06T23:22:22.209Z,58.3657,-133.5566,7.47,2.8
2021-10-30T20:28:14.537Z,58.4391,-142.8858,10,2.5
2021-10-25T23:29:53.020Z,58.6122,-137.6811,5.8,2.8
2021-10-16T14:56:12.210Z,58.696,-153.1201,44.3,2.8
2021-10-17T08:30:30.855Z,58.7867,-152.7302,49.5,2.5
2021-10-19T18:17:18.581Z,58.8598,-142.8806,10,4.3
2021-10-14T01:13:37.319Z,59.0475,-154.0765,107.3,3.3
2021-10-27T04:01:41.709Z,59.4247,-153.3991,97.4,2.5
2021-11-01T18:09:53.259Z,59.5032,-152.9547,96.4,2.8
2021-11-09T10:31:37.819Z,59.5614,-153.0513,108.3,2.7
2021-10-29T19:04:01.225Z,59.5844,-153.5703,131.43,2.8
2021-10-29T17:46:12.587Z,59.747,-153.6954,146.41,2.8
2021-11-04T06:27:41.960Z,59.7501,-153.5035,113.9,2.9
2021-10-24T05:33:53.624Z,59.7783,-152.9962,100.1,2.5
2021-10-19T08:24:50.815Z,59.8247,-152.8917,97.5,2.5
2021-10-18T18:57:38.704Z,59.8447,-152.8363,97.6,2.5
2021-11-02T04:57:42.933Z,59.86,-153.3774,145.3,2.7
2021-10-19T13:14:12.539Z,59.8912,-153.3194,123.6,2.9
2021-10-29T21:23:17.854Z,59.9481,-153.0881,116.3,3
2021-10-16T05:44:59.888Z,59.9766,-141.6126,7.8,2.7
2021-10-17T16:06:45.033Z,59.9996,-140.1691,7.9,2.5
2021-10-23T18:51:48.361Z,60.0054,-140.7698,4.8,2.5
2021-11-02T14:00:10.988Z,60.0287,-151.6026,56.8,2.8
2021-10-18T06:33:40.665Z,60.0544,-140.1774,9.4,2.6
2021-10-15T04:22:49.516Z,60.0546,-139.9955,10.1,2.6
2021-10-19T21:49:44.684Z,60.0688,-138.2379,3.08,3.4
2021-11-05T08:29:54.080Z,60.1009,-152.931,118.5,2.8
2021-10-26T07:33:51.149Z,60.1077,-153.578,166,3
2021-10-16T17:47:23.606Z,60.1415,-151.4902,45.2,4.6
2021-11-01T13:43:44.252Z,60.1956,-151.6768,56.3,3
2021-11-01T16:29:49.675Z,60.2103,-151.6588,58.2,3.3
2021-10-22T02:39:46.148Z,60.3066,-150.2482,33.9,3.4
2021-11-06T14:51:02.867Z,60.3784,-152.4032,84.9,2.5
2021-10-27T14:08:29.298Z,60.4077,-150.3567,34.7,2.6
2021-10-27T03:39:51.233Z,60.4574,-152.0901,78.6,2.5
2021-11-09T08:53:14.503Z,60.4754,-144.0003,0,2.5
2021-10-31T12:45:05.401Z,60.4765,-148.2011,14.9,2.9
2021-10-27T05:05:19.613Z,60.5248,-152.7492,111.8,2.6
2021-10-30T14:49:22.012Z,60.5516,-146.9764,14.7,3.3
2021-10-26T20:50:56.357Z,60.849,-147.4853,17.8,2.8
2021-10-10T05:30:22.143Z,60.9252,-149.715,27.8,2.7
2021-11-01T14:04:53.544Z,61.1865,-140.3979,5,2.5
2021-11-04T02:43:08.238Z,61.1982,-150.0777,44.2,2.7
2021-11-09T06:46:06.263Z,61.3873,-149.9846,16,2.8
2021-10-23T11:04:30.160Z,61.4177,-152.1043,102.6,2.6
2021-10-26T23:49:04.337Z,61.4204,-149.9904,10.5,2.6
2021-10-29T13:27:52.705Z,61.486,-146.5316,20.7,2.9
2021-10-22T14:56:27.233Z,61.5393,-150.9013,23.5,2.9
2021-11-09T02:00:41.982Z,61.6772,-150.2835,21,3.4
2021-10-11T16:28:28.786Z,61.8777,-149.3333,0.2,2.9
2021-10-14T20:16:47.737Z,61.9908,-150.0193,27.1,3
2021-10-24T07:43:48.041Z,62.1216,-149.3807,13.8,2.5
2021-10-20T13:31:14.873Z,62.1287,-149.6741,37.1,3.4
2021-11-03T06:45:25.516Z,62.5616,-149.738,44.4,2.5
2021-10-19T08:06:28.149Z,62.6581,-149.5883,71.7,3.9
2021-10-31T21:29:26.640Z,62.7443,-150.62,72.5,2.5
2021-10-12T13:15:24.771Z,62.8956,-150.5814,85.7,2.5
2021-10-21T18:44:34.553Z,62.9283,-148.3227,71.9,4.4
2021-11-06T09:21:11.730Z,62.9453,-148.442,0,2.9
2021-11-01T14:36:29.552Z,62.9835,-150.7807,0,2.6
2021-10-18T14:12:03.739Z,63.072,-151.4639,0,2.5
2021-10-21T23:31:59.300Z,63.0808,-150.8144,123.3,2.6
2021-10-27T01:41:01.530Z,63.1358,-150.5609,113.6,2.5
2021-11-06T06:03:02.659Z,63.2071,-151.5404,14.6,2.5
2021-10-15T18:46:40.366Z,63.2439,-150.6125,121.9,2.9
2021-10-13T19:06:03.421Z,63.2837,-151.6892,8.1,2.6
2021-10-11T06:18:31.168Z,63.3357,-145.4695,0,3.7
2021-10-16T08:52:00.731Z,63.4901,-151.2311,5.7,2.6
2021-10-22T20:29:30.481Z,63.5323,-147.2791,1.3,2.5
2021-11-08T09:09:22.497Z,63.6012,-149.2698,0,2.9
2021-10-26T19:32:59.853Z,64.0772,-149.6048,137.5,2.5
2021-10-22T20:29:15.014Z,64.3957,-146.7594,5,2.7
2021-10-24T03:51:42.717Z,64.4334,-146.7194,7.3,3.3
2021-11-05T22:12:38.268Z,64.4397,-147.4462,0.7,3.4
2021-11-05T22:12:51.090Z,64.452,-147.4298,4.5,4
2021-10-10T12:05:10.401Z,64.7409,-149.1629,18.4,3.1
2021-10-29T10:11:07.180Z,65.2076,-134.6328,12.71,3.9
2021-10-10T14:02:15.686Z,65.2264,-166.2319,10,3
2021-10-18T07:35:37.369Z,65.3154,-133.4311,5.29,4.4
2021-10-19T15:11:04.808Z,65.708,-144.4803,0,2.5
2021-10-28T16:36:26.457Z,66.193,-147.9791,25.3,3.2
2021-10-20T19:28:27.807Z,66.2799,-149.8283,15,3
2021-10-26T14:32:25.110Z,66.4129,-162.4245,10,2.7
2021-10-20T08:04:19.987Z,67.1497,-141.875,0,2.6
2021-10-29T13:48:57.657Z,67.618,-65.9352,10,4.7
2021-10-23T12:23:13.219Z,69.1119,-144.7088,0,2.7
2021-10-23T09:14:19.150Z,69.117,-144.5842,3.4,2.8
2021-10-23T01:52:40.729Z,69.1342,-144.618,11.2,3
2021-10-22T00:48:53.241Z,69.283,-144.3857,19.7,3.4
2021-11-08T16:00:43.269Z,69.5946,-144.2617,10,2.6
2021-11-07T05:56:02.949Z,69.6639,-144.0875,23.9,3.4
2021-10-17T20:37:02.044Z,79.5194,4.317,10,4.7
2021-10-20T23:34:08.690Z,79.5464,1.7025,10,4.3
2021-10-24T17:47:51.915Z,86.307,34.585,10,4.7
